Time (s),P2 - LOX Tank Pressure,P3 - Fuel Tank Pressure,P1 - Chamber Pressure,Not Used,P5- DOME Reg.,Not Use,Load Cell,P7 - Gnd High Pressure,P6 - GHE Fill Pressure,P8 - Pneumatics Pressure,Not Used,Not Used,Not Used,Not Used,LOX MV PT,FUEL MV PT,Load Cell 1,Load Cell 2,Load Cell 3,Main Valve Closed Indicator,Load Cell 1 - Veh Gross Weight,Load Cell 2 - - Veh Gross Weight,Not Used,Not Used,High Press PT,,,,,,,,TC1,TC2,TC3,TC4,TC5,TC6,TC7,TC8,TC9,TC10,TC11,TC12,TC13,TC14,Relay1,Relay2,Relay3,Relay4,Relay5,Relay6,Relay7,Relay8,Relay9,Relay10,Relay11,Relay12,Relay13,Relay14,Relay15,Relay16,Manual/Auto (1=Auto),
40.287,-124.90,-124.91,-63.83,0.00,-1.46,0.00,-6.08,-2.93,-641.18,-124.52,-124.52,-124.52,0.00,0.00,0.92,0.92,-17.60,-15.91,-17.83,-0.00,-126.27,-4.39,0.00,0.00,-1035.38,0.00,0.00,0.00,0.00,0.00,0.00,0.00,29.39 °C,29.39 °C,29.39 °C,29.39 °C,29.39 °C,29.30 °C,29.39 °C,1369.68 °C,1369.68 °C,1369.68 °C,1369.68 °C,1369.68 °C,1369.68 °C,1369.68 °C,0,0,0,0,0,0,0,0,0,0,0,0,0,0,0,0,1,
41.287,-124.90,-124.91,-63.83,0.00,-1.46,0.00,-6.08,-2.93,-641.18,-124.52,-124.52,-124.52,0.00,0.00,0.92,0.92,-17.83,-15.91,-17.83,-0.00,-126.27,-4.39,0.00,0.00,-1035.38,0.00,0.00,0.00,0.00,0.00,0.00,0.00,29.39 °C,29.39 °C,29.39 °C,29.30 °C,29.39 °C,29.30 °C,29.39 °C,1369.68 °C,1369.68 °C,1369.68 °C,1369.68 °C,1369.68 °C,1369.68 °C,1369.68 °C,0,0,0,0,0,0,0,0,0,0,0,0,0,0,0,0,1,
42.287,-124.90,-124.91,-63.83,0.00,-1.46,0.00,-6.08,-2.93,-641.18,-124.52,-124.52,-124.52,0.00,0.00,0.92,0.92,-17.83,-15.76,-17.83,-0.00,-126.27,-4.39,0.00,0.00,-1035.38,0.00,0.00,0.00,0.00,0.00,0.00,0.00,29.39 °C,29.39 °C,29.39 °C,29.39 °C,29.49 °C,29.30 °C,29.39 °C,1369.68 °C,1369.68 °C,1369.68 °C,1369.68 °C,1369.68 °C,1369.68 °C,1369.68 °C,0,0,0,0,0,0,0,0,0,0,0,0,0,0,0,0,1,
43.287,-124.90,-124.91,-63.83,0.00,-1.46,0.00,-6.08,-3.07,-641.18,-124.52,-124.52,-124.52,0.00,0.00,0.92,0.92,-17.83,-15.76,-17.83,-0.00,-126.27,-4.39,0.00,0.00,-1035.38,0.00,0.00,0.00,0.00,0.00,0.00,0.00,29.39 °C,29.39 °C,29.39 °C,29.39 °C,29.39 °C,29.39 °C,29.39 °C,1369.68 °C,1369.68 °C,1369.68 °C,1369.68 °C,1369.68 °C,1369.68 °C,1369.68 °C,0,0,0,0,0,0,0,0,0,0,0,0,0,0,0,0,1,
44.288,-124.90,-124.91,-63.83,0.00,-1.46,0.00,-6.08,-3.07,-641.18,-124.52,-124.52,-124.52,0.00,0.00,0.92,0.92,-17.83,-15.76,-17.60,-0.00,-126.27,-4.39,0.00,0.00,-1035.38,0.00,0.00,0.00,0.00,0.00,0.00,0.00,29.39 °C,29.39 °C,29.39 °C,29.39 °C,29.39 °C,29.30 °C,29.39 °C,1369.68 °C,1369.68 °C,1369.68 °C,1369.68 °C,1369.68 °C,1369.68 °C,1369.68 °C,0,0,0,0,0,0,0,0,0,0,0,0,0,0,0,0,1,
45.288,-124.90,-124.91,-63.83,0.00,-1.46,0.00,-6.08,-3.07,-641.18,-124.52,-124.52,-124.52,0.00,0.00,0.92,0.92,-17.98,-15.61,-17.60,-0.00,-126.27,-4.39,0.00,0.00,-1035.38,0.00,0.00,0.00,0.00,0.00,0.00,0.00,29.39 °C,29.39 °C,29.39 °C,29.39 °C,29.49 °C,29.39 °C,29.49 °C,1369.68 °C,1369.68 °C,1369.68 °C,1369.68 °C,1369.68 °C,1369.68 °C,1369.68 °C,0,0,0,0,0,0,0,0,0,0,0,0,0,0,0,0,1,
46.288,-124.90,-124.91,-63.83,0.00,-1.46,0.00,-6.08,-3.07,-641.18,-124.52,-124.52,-124.52,0.00,0.00,0.92,0.92,-18.44,-16.14,-18.29,-0.00,-126.27,-4.39,0.00,0.00,-1035.38,0.00,0.00,0.00,0.00,0.00,0.00,0.00,29.39 °C,29.39 °C,29.49 °C,29.39 °C,29.39 °C,29.39 °C,29.39 °C,1369.68 °C,1369.68 °C,1369.68 °C,1369.68 °C,1369.68 °C,1369.68 °C,1369.68 °C,0,0,0,0,0,0,0,0,0,0,0,0,0,0,0,0,1,
47.288,-124.90,-124.91,-63.83,0.00,-1.46,0.00,-5.97,-2.93,-641.18,-124.52,-124.52,-124.52,0.00,0.00,0.92,0.92,-18.44,-15.91,-18.13,-0.00,-126.27,-4.39,0.00,0.00,-1035.38,0.00,0.00,0.00,0.00,0.00,0.00,0.00,29.39 °C,29.39 °C,29.49 °C,29.39 °C,29.49 °C,29.39 °C,29.49 °C,1369.68 °C,1369.68 °C,1369.68 °C,1369.68 °C,1369.68 °C,1369.68 °C,1369.68 °C,0,0,0,0,0,0,0,0,0,0,0,0,0,0,0,0,1,
48.288,-124.90,-124.91,-63.83,0.00,-1.53,0.00,-5.97,-2.93,-641.18,-124.52,-124.52,-124.52,0.00,0.00,0.92,0.92,-18.44,-15.76,-18.13,-0.00,-126.27,-4.39,0.00,0.00,-1035.38,0.00,0.00,0.00,0.00,0.00,0.00,0.00,29.39 °C,29.39 °C,29.49 °C,29.39 °C,29.49 °C,29.39 °C,29.39 °C,1369.68 °C,1369.68 °C,1369.68 °C,1369.68 °C,1369.68 °C,1369.68 °C,1369.68 °C,0,0,0,0,0,0,0,0,0,0,0,0,0,0,0,0,1,
49.288,-124.90,-124.91,-63.83,0.00,-1.46,0.00,-6.08,-2.93,-641.18,-124.52,-124.52,-124.52,0.00,0.00,0.92,0.92,-18.82,-15.76,-18.13,-0.00,-126.27,-4.39,0.00,0.00,-1035.38,0.00,0.00,0.00,0.00,0.00,0.00,0.00,29.39 °C,29.39 °C,29.39 °C,29.39 °C,29.39 °C,29.39 °C,29.49 °C,1369.68 °C,1369.68 °C,1369.68 °C,1369.68 °C,1369.68 °C,1369.68 °C,1369.68 °C,0,0,0,0,0,0,0,0,0,0,0,0,0,0,0,0,1,
50.288,-124.90,-124.91,-63.83,0.00,-1.46,0.00,-6.08,-3.07,-641.18,-124.52,-124.52,-124.52,0.00,0.00,0.92,0.92,-19.82,-15.30,-17.98,-0.00,-126.27,-4.39,0.00,0.00,-1035.38,0.00,0.00,0.00,0.00,0.00,0.00,0.00,29.49 °C,29.39 °C,29.39 °C,29.39 °C,29.39 °C,29.39 °C,29.49 °C,1369.68 °C,1369.68 °C,1369.68 °C,1369.68 °C,1369.68 °C,1369.68 °C,1369.68 °C,0,0,0,0,0,0,0,0,0,0,0,0,0,0,0,0,1,
51.289,-124.90,-124.91,-63.83,0.00,-1.46,0.00,-5.97,-2.93,-641.18,-124.52,-124.52,-124.52,0.00,0.00,0.92,0.92,-19.97,-15.15,-17.98,-0.00,-126.27,-4.39,0.00,0.00,-1035.38,0.00,0.00,0.00,0.00,0.00,0.00,0.00,29.39 °C,29.39 °C,29.39 °C,29.39 °C,29.49 °C,29.39 °C,29.39 °C,1369.68 °C,1369.68 °C,1369.68 °C,1369.68 °C,1369.68 °C,1369.68 °C,1369.68 °C,0,0,0,0,0,0,0,0,0,0,0,0,0,0,0,0,1,
52.289,-124.90,-124.91,-63.83,0.00,-1.46,0.00,-6.08,-2.93,-641.18,-124.52,-124.52,-124.52,0.00,0.00,0.92,0.92,-19.13,-15.45,-17.83,-0.00,-126.27,-4.27,0.00,0.00,-1035.38,0.00,0.00,0.00,0.00,0.00,0.00,0.00,29.39 °C,29.39 °C,29.49 °C,29.39 °C,29.49 °C,29.39 °C,29.49 °C,1369.68 °C,1369.68 °C,1369.68 °C,1369.68 °C,1369.68 °C,1369.68 °C,1369.68 °C,0,0,0,0,0,0,0,0,0,0,0,0,0,0,0,0,1,
53.289,-124.90,-124.91,-63.83,0.00,-1.46,0.00,-5.97,-2.93,-641.18,-124.52,-124.52,-124.52,0.00,0.00,0.92,0.92,-21.81,-14.92,-17.83,-0.00,-126.27,-4.39,0.00,0.00,-1035.38,0.00,0.00,0.00,0.00,0.00,0.00,0.00,29.39 °C,29.39 °C,29.39 °C,29.39 °C,29.49 °C,29.39 °C,29.49 °C,1369.68 °C,1369.68 °C,1369.68 °C,1369.68 °C,1369.68 °C,1369.68 °C,1369.68 °C,0,0,0,0,0,0,0,0,0,0,0,0,0,0,0,0,1,
54.289,-124.90,-124.91,-63.83,0.00,-1.46,0.00,-5.97,-2.93,-641.18,-124.52,-124.52,-124.52,0.00,0.00,-0.15,0.92,-18.98,-15.15,-17.60,-0.00,-126.20,-4.27,0.00,0.00,-1035.38,0.00,0.00,0.00,0.00,0.00,0.00,0.00,29.39 °C,29.39 °C,29.49 °C,29.39 °C,29.49 °C,29.39 °C,29.39 °C,1369.68 °C,1369.68 °C,1369.68 °C,1369.68 °C,1369.68 °C,1369.68 °C,1369.68 °C,0,0,0,0,0,0,0,0,0,0,0,0,0,0,0,0,1,
55.289,-124.90,-124.91,-63.83,0.00,-1.46,0.00,-5.97,-2.93,-641.18,-124.78,-124.52,-124.52,0.00,0.00,0.92,0.92,-17.98,-14.08,-17.29,-0.00,-126.20,-4.27,0.00,0.00,-1035.38,0.00,0.00,0.00,0.00,0.00,0.00,0.00,29.49 °C,29.39 °C,29.39 °C,29.39 °C,29.49 °C,29.39 °C,29.49 °C,1369.68 °C,1369.68 °C,1369.68 °C,1369.68 °C,1369.68 °C,1369.68 °C,1369.68 °C,0,0,0,0,0,0,0,0,0,0,0,0,0,0,0,0,1,
56.289,-124.90,-124.91,-63.83,0.00,-1.46,0.00,-6.08,-2.93,-641.18,-124.52,-124.52,-124.52,0.00,0.00,0.92,0.92,-18.82,-14.92,-17.45,-0.00,-126.20,-4.27,0.00,0.00,-1035.38,0.00,0.00,0.00,0.00,0.00,0.00,0.00,29.49 °C,29.39 °C,29.49 °C,29.39 °C,29.49 °C,29.39 °C,29.39 °C,1369.68 °C,1369.68 °C,1369.68 °C,1369.68 °C,1369.68 °C,1369.68 °C,1369.68 °C,0,0,0,0,0,0,0,0,0,0,0,0,0,0,0,0,1,
57.289,-124.90,-124.91,-63.83,0.00,-1.46,0.00,-6.08,-2.84,-641.18,-124.52,-124.52,-124.52,0.00,0.00,0.92,0.92,-18.13,-15.30,-17.29,-0.00,-126.20,-4.27,0.00,0.00,-1035.38,0.00,0.00,0.00,0.00,0.00,0.00,0.00,29.49 °C,29.39 °C,29.39 °C,29.39 °C,29.39 °C,29.39 °C,29.49 °C,1369.68 °C,1369.68 °C,1369.68 °C,1369.68 °C,1369.68 °C,1369.68 °C,1369.68 °C,0,0,0,0,0,0,0,0,0,0,0,0,0,0,0,0,1,
58.290,-124.90,-124.91,-63.83,0.00,-1.46,0.00,-6.08,-2.84,-641.18,-124.52,-124.52,-124.52,0.00,0.00,0.92,0.92,-17.98,-15.15,-17.45,-0.00,-126.27,-4.27,0.00,0.00,-1035.38,0.00,0.00,0.00,0.00,0.00,0.00,0.00,29.49 °C,29.39 °C,29.49 °C,29.39 °C,29.49 °C,29.39 °C,29.49 °C,1369.68 °C,1369.68 °C,1369.68 °C,1369.68 °C,1369.68 °C,1369.68 °C,1369.68 °C,0,0,0,0,0,0,0,0,0,0,0,0,0,0,0,0,1,
59.290,-124.90,-124.91,-63.83,0.00,-1.46,0.00,-6.08,-2.84,-640.05,-124.52,-124.30,-124.52,0.00,0.00,1.83,0.92,-14.31,-16.60,-18.13,-0.00,-126.27,-4.27,0.00,0.00,-1035.38,0.00,0.00,0.00,0.00,0.00,0.00,0.00,29.39 °C,29.39 °C,29.39 °C,29.30 °C,29.39 °C,29.30 °C,29.39 °C,1369.68 °C,1369.68 °C,1369.68 °C,1369.68 °C,1369.68 °C,1369.68 °C,1369.68 °C,0,0,0,0,0,0,0,0,0,0,0,0,0,0,0,0,1,
60.290,-124.90,-124.91,-63.83,0.00,-1.46,0.00,-6.08,-2.84,-640.05,-124.52,-124.30,-124.52,0.00,0.00,1.83,0.92,-16.14,-16.30,-18.29,-0.00,-126.27,-4.27,0.00,0.00,-1035.38,0.00,0.00,0.00,0.00,0.00,0.00,0.00,29.39 °C,29.39 °C,29.39 °C,29.39 °C,29.39 °C,29.30 °C,29.39 °C,1369.68 °C,1369.68 °C,1369.68 °C,1369.68 °C,1369.68 °C,1369.68 °C,1369.68 °C,0,0,0,0,0,0,0,0,0,0,0,0,0,0,0,0,1,
61.290,-124.90,-124.91,-63.83,0.00,-1.46,0.00,-6.08,-2.84,-640.05,-124.52,-124.30,-124.52,0.00,0.00,1.83,0.92,-15.91,-16.14,-18.13,-0.00,-126.27,-4.27,0.00,0.00,-1035.38,0.00,0.00,0.00,0.00,0.00,0.00,0.00,29.30 °C,29.30 °C,29.39 °C,29.39 °C,29.39 °C,29.30 °C,29.39 °C,1369.68 °C,1369.68 °C,1369.68 °C,1369.68 °C,1369.68 °C,1369.68 °C,1369.68 °C,0,0,0,0,0,0,0,0,0,0,0,0,0,0,0,0,1,
62.290,-124.90,-124.91,-63.83,0.00,-1.46,0.00,-5.97,-2.84,-640.05,-124.52,-124.30,-124.52,0.00,0.00,1.83,0.92,-17.29,-16.76,-17.98,-0.00,-126.27,-4.27,0.00,0.00,-1035.38,0.00,0.00,0.00,0.00,0.00,0.00,0.00,29.39 °C,29.39 °C,29.39 °C,29.30 °C,29.49 °C,29.39 °C,29.49 °C,1369.68 °C,1369.68 °C,1369.68 °C,1369.68 °C,1369.68 °C,1369.68 °C,1369.68 °C,0,0,0,0,0,0,0,0,0,0,0,0,0,0,0,0,1,
63.290,-124.90,-124.91,-63.83,0.00,-1.46,0.00,-6.08,-2.84,-641.18,-124.52,-124.30,-124.52,0.00,0.00,1.83,0.92,-17.29,-16.99,-17.60,-0.00,-126.20,-4.27,0.00,0.00,-1035.38,0.00,0.00,0.00,0.00,0.00,0.00,0.00,29.39 °C,29.30 °C,29.39 °C,29.30 °C,29.39 °C,29.30 °C,29.39 °C,1369.68 °C,1369.68 °C,1369.68 °C,1369.68 °C,1369.68 °C,1369.68 °C,1369.68 °C,0,0,0,0,0,0,0,0,0,0,0,0,0,0,0,0,1,
64.290,-124.90,-124.91,-63.83,0.00,-1.46,0.00,-6.08,-2.84,-641.18,-124.52,-124.30,-124.52,0.00,0.00,1.83,0.92,-17.45,-16.76,-17.83,-0.00,-126.27,-4.27,0.00,0.00,-1035.38,0.00,0.00,0.00,0.00,0.00,0.00,0.00,29.39 °C,29.30 °C,29.39 °C,29.39 °C,29.39 °C,29.39 °C,29.39 °C,1369.68 °C,1369.68 °C,1369.68 °C,1369.68 °C,1369.68 °C,1369.68 °C,1369.68 °C,0,0,0,0,0,0,0,0,0,0,0,0,0,0,0,0,1,
65.291,-124.90,-124.91,-63.83,0.00,-1.46,0.00,-6.08,-2.93,-641.18,-124.52,-124.30,-124.52,0.00,0.00,1.83,0.92,-17.60,-16.45,-17.83,-0.00,-126.20,-4.27,0.00,0.00,-1035.38,0.00,0.00,0.00,0.00,0.00,0.00,0.00,29.39 °C,29.39 °C,29.39 °C,29.30 °C,29.39 °C,29.30 °C,29.39 °C,1369.68 °C,1369.68 °C,1369.68 °C,1369.68 °C,1369.68 °C,1369.68 °C,1369.68 °C,0,0,0,0,0,0,0,0,0,0,0,0,0,0,0,0,1,
66.291,-124.90,-124.91,-63.83,0.00,-1.46,0.00,-5.97,-2.93,-641.18,-124.52,-124.52,-124.52,0.00,0.00,1.83,0.92,-17.98,-16.76,-17.60,-0.00,-126.27,-4.27,0.00,0.00,-1035.38,0.00,0.00,0.00,0.00,0.00,0.00,0.00,29.39 °C,29.39 °C,29.39 °C,29.39 °C,29.39 °C,29.30 °C,29.39 °C,1369.68 °C,1369.68 °C,1369.68 °C,1369.68 °C,1369.68 °C,1369.68 °C,1369.68 °C,0,0,0,0,0,0,0,0,0,0,0,0,0,0,0,0,1,
67.291,-124.90,-124.91,-63.83,0.00,-1.53,0.00,-6.08,-2.93,-641.18,-124.52,-124.52,-124.52,0.00,0.00,1.83,0.92,-18.13,-16.76,-17.83,-0.00,-126.27,-4.27,0.00,0.00,-1035.38,0.00,0.00,0.00,0.00,0.00,0.00,0.00,29.39 °C,29.39 °C,29.39 °C,29.39 °C,29.39 °C,29.39 °C,29.39 °C,1369.68 °C,1369.68 °C,1369.68 °C,1369.68 °C,1369.68 °C,1369.68 °C,1369.68 °C,0,0,0,0,0,0,0,0,0,0,0,0,0,0,0,0,1,
68.292,-124.90,-124.91,-63.83,0.00,-1.53,0.00,-5.97,-2.93,-641.18,-124.52,-124.52,-124.52,0.00,0.00,1.83,0.92,-17.60,-16.30,-17.83,-0.00,-126.20,-4.27,0.00,0.00,-1035.38,0.00,0.00,0.00,0.00,0.00,0.00,0.00,29.30 °C,29.39 °C,29.39 °C,29.30 °C,29.39 °C,29.39 °C,29.39 °C,1369.68 °C,1369.68 °C,1369.68 °C,1369.68 °C,1369.68 °C,1369.68 °C,1369.68 °C,0,0,0,0,0,0,0,0,0,0,0,0,0,0,0,0,1,
69.292,-124.90,-124.91,-63.83,0.00,-1.46,0.00,-6.08,-2.84,-641.18,-124.52,-124.52,-124.52,0.00,0.00,1.83,0.92,-17.60,-16.14,-17.60,-0.00,-126.20,-4.27,0.00,0.00,-1035.38,0.00,0.00,0.00,0.00,0.00,0.00,0.00,29.39 °C,29.30 °C,29.39 °C,29.39 °C,29.39 °C,29.30 °C,29.49 °C,1369.68 °C,1369.68 °C,1369.68 °C,1369.68 °C,1369.68 °C,1369.68 °C,1369.68 °C,0,0,0,0,0,0,0,0,0,0,0,0,0,0,0,0,1,
70.292,-124.90,-124.91,-63.83,0.00,-1.46,0.00,-5.97,-2.93,-641.18,-124.52,-124.52,-124.52,0.00,0.00,1.83,0.92,-17.98,-16.30,-17.45,-0.00,-126.20,-4.27,0.00,0.00,-1035.38,0.00,0.00,0.00,0.00,0.00,0.00,0.00,29.39 °C,29.39 °C,29.39 °C,29.30 °C,29.39 °C,29.30 °C,29.39 °C,1369.68 °C,1369.68 °C,1369.68 °C,1369.68 °C,1369.68 °C,1369.68 °C,1369.68 °C,0,0,0,0,0,0,0,0,0,0,0,0,0,0,0,0,1,
71.292,-124.90,-124.91,-63.83,0.00,-1.46,0.00,-5.97,-2.84,-641.18,-124.52,-124.52,-124.52,0.00,0.00,1.83,0.92,-17.98,-16.30,-17.60,-0.00,-126.27,-4.27,0.00,0.00,-1035.38,0.00,0.00,0.00,0.00,0.00,0.00,0.00,29.39 °C,29.39 °C,29.39 °C,29.39 °C,29.49 °C,29.30 °C,29.39 °C,1369.68 °C,1369.68 °C,1369.68 °C,1369.68 °C,1369.68 °C,1369.68 °C,1369.68 °C,0,0,0,0,0,0,0,0,0,0,0,0,0,0,0,0,1,
72.293,-124.90,-124.91,-63.83,0.00,-1.53,0.00,-6.08,-2.84,-641.18,-124.52,-124.52,-124.52,0.00,0.00,1.83,0.92,-18.98,-16.30,-14.92,-0.00,-126.27,-4.27,0.00,0.00,-1035.38,0.00,0.00,0.00,0.00,0.00,0.00,0.00,29.39 °C,29.39 °C,29.39 °C,29.39 °C,29.49 °C,29.39 °C,29.39 °C,1369.68 °C,1369.68 °C,1369.68 °C,1369.68 °C,1369.68 °C,1369.68 °C,1369.68 °C,0,0,0,0,0,0,0,0,0,0,0,0,0,0,0,0,1,
73.293,-124.90,-124.91,-63.83,0.00,-1.46,0.00,-5.97,-2.84,-641.18,-124.52,-124.52,-124.52,0.00,0.00,1.83,0.92,-16.60,-15.45,-15.91,-0.00,-126.27,-4.27,0.00,0.00,-1035.38,0.00,0.00,0.00,0.00,0.00,0.00,0.00,29.39 °C,29.39 °C,29.39 °C,29.39 °C,29.49 °C,29.30 °C,29.39 °C,1369.68 °C,1369.68 °C,1369.68 °C,1369.68 °C,1369.68 °C,1369.68 °C,1369.68 °C,0,0,0,0,0,0,0,0,0,0,0,0,0,0,0,0,1,
74.293,-124.90,-124.91,-63.83,0.00,-1.46,0.00,-6.08,-2.84,-641.18,-124.52,-124.52,-124.52,0.00,0.00,1.83,0.92,-16.45,-15.45,-16.14,-0.00,-126.20,-4.27,0.00,0.00,-1035.38,0.00,0.00,0.00,0.00,0.00,0.00,0.00,29.39 °C,29.39 °C,29.49 °C,29.30 °C,29.49 °C,29.39 °C,29.39 °C,1369.68 °C,1369.68 °C,1369.68 °C,1369.68 °C,1369.68 °C,1369.68 °C,1369.68 °C,0,0,0,0,0,0,0,0,0,0,0,0,0,0,0,0,1,
75.294,-124.90,-124.91,-63.83,0.00,-1.46,0.00,-6.08,-2.84,-641.18,-124.52,-124.52,-124.52,0.00,0.00,1.83,0.92,-16.60,-15.61,-16.45,-0.00,-126.20,-4.27,0.00,0.00,-1035.38,0.00,0.00,0.00,0.00,0.00,0.00,0.00,29.39 °C,29.39 °C,29.49 °C,29.39 °C,29.49 °C,29.39 °C,29.49 °C,1369.68 °C,1369.68 °C,1369.68 °C,1369.68 °C,1369.68 °C,1369.68 °C,1369.68 °C,0,0,0,0,0,0,0,0,0,0,0,0,0,0,0,0,1,
76.294,-124.90,-124.91,-63.83,0.00,-1.46,0.00,-6.08,-2.84,-641.18,-124.52,-124.52,-124.52,0.00,0.00,0.92,0.92,-18.59,-15.30,-16.60,-0.00,-126.20,-4.27,0.00,0.00,-1035.38,0.00,0.00,0.00,0.00,0.00,0.00,0.00,29.49 °C,29.39 °C,29.39 °C,29.39 °C,29.49 °C,29.39 °C,29.49 °C,1369.68 °C,1369.68 °C,1369.68 °C,1369.68 °C,1369.68 °C,1369.68 °C,1369.68 °C,0,0,0,0,0,0,0,0,0,0,0,0,0,0,0,0,1,
77.294,-124.90,-124.91,-63.83,0.00,-1.46,0.00,-6.08,-2.84,-641.18,-124.52,-124.52,-124.52,0.00,0.00,0.92,0.92,-18.82,-15.45,-16.60,-0.00,-126.20,-4.27,0.00,0.00,-1035.38,0.00,0.00,0.00,0.00,0.00,0.00,0.00,29.39 °C,29.39 °C,29.49 °C,29.39 °C,29.49 °C,29.39 °C,29.49 °C,1369.68 °C,1369.68 °C,1369.68 °C,1369.68 °C,1369.68 °C,1369.68 °C,1369.68 °C,0,0,0,0,0,0,0,0,0,0,0,0,0,0,0,0,1,
78.294,-124.90,-124.91,-63.83,0.00,-1.46,0.00,-6.08,-2.84,-641.18,-124.52,-124.52,-124.52,0.00,0.00,0.92,0.92,-18.59,-15.45,-16.60,-0.00,-126.20,-4.27,0.00,0.00,-1035.38,0.00,0.00,0.00,0.00,0.00,0.00,0.00,29.39 °C,29.39 °C,29.39 °C,29.39 °C,29.49 °C,29.39 °C,29.49 °C,1369.68 °C,1369.68 °C,1369.68 °C,1369.68 °C,1369.68 °C,1369.68 °C,1369.68 °C,0,0,0,0,0,0,0,0,0,0,0,0,0,0,0,0,1,
79.295,-124.90,-124.91,-63.83,0.00,-1.46,0.00,-6.08,-2.93,-641.18,-124.52,-124.52,-124.52,0.00,0.00,0.92,0.92,-17.98,-15.45,-16.76,-0.00,-126.20,-4.27,0.00,0.00,-1035.38,0.00,0.00,0.00,0.00,0.00,0.00,0.00,29.49 °C,29.39 °C,29.39 °C,29.39 °C,29.49 °C,29.39 °C,29.49 °C,1369.68 °C,1369.68 °C,1369.68 °C,1369.68 °C,1369.68 °C,1369.68 °C,1369.68 °C,0,0,0,0,0,0,0,0,0,0,0,0,0,0,0,0,1,
80.295,-124.90,-124.91,-63.83,0.00,-1.46,0.00,-5.97,-2.93,-641.18,-124.52,-124.52,-124.52,0.00,0.00,0.92,0.92,-18.29,-15.45,-17.14,-0.00,-126.20,-4.27,0.00,0.00,-1035.38,0.00,0.00,0.00,0.00,0.00,0.00,0.00,29.39 °C,29.39 °C,29.49 °C,29.39 °C,29.49 °C,29.39 °C,29.49 °C,1369.68 °C,1369.68 °C,1369.68 °C,1369.68 °C,1369.68 °C,1369.68 °C,1369.68 °C,0,0,0,0,0,0,0,0,0,0,0,0,0,0,0,0,1,
81.295,-124.90,-124.91,-63.83,0.00,-1.53,0.00,-6.08,-2.93,-641.18,-124.52,-124.52,-124.52,0.00,0.00,0.92,0.92,-18.29,-15.61,-17.29,-0.00,-126.20,-4.27,0.00,0.00,-1035.38,0.00,0.00,0.00,0.00,0.00,0.00,0.00,29.49 °C,29.39 °C,29.49 °C,29.39 °C,29.49 °C,29.39 °C,29.49 °C,1369.68 °C,1369.68 °C,1369.68 °C,1369.68 °C,1369.68 °C,1369.68 °C,1369.68 °C,0,0,0,0,0,0,0,0,0,0,0,0,0,0,0,0,1,
82.295,-124.90,-124.91,-63.83,0.00,-1.53,0.00,-5.97,-2.93,-641.18,-124.52,-124.52,-124.52,0.00,0.00,0.92,0.92,-18.13,-15.45,-17.14,-0.00,-126.20,-4.27,0.00,0.00,-1035.38,0.00,0.00,0.00,0.00,0.00,0.00,0.00,29.49 °C,29.30 °C,29.39 °C,29.39 °C,29.49 °C,29.39 °C,29.49 °C,1369.68 °C,1369.68 °C,1369.68 °C,1369.68 °C,1369.68 °C,1369.68 °C,1369.68 °C,0,0,0,0,0,0,0,0,0,0,0,0,0,0,0,0,1,
83.295,-124.90,-124.91,-63.83,0.00,-1.53,0.00,-6.08,-2.93,-641.18,-124.52,-124.52,-124.52,0.00,0.00,0.92,0.92,-18.29,-15.45,-17.29,-0.00,-126.20,-4.27,0.00,0.00,-1035.38,0.00,0.00,0.00,0.00,0.00,0.00,0.00,29.39 °C,29.39 °C,29.39 °C,29.39 °C,29.49 °C,29.39 °C,29.49 °C,1369.68 °C,1369.68 °C,1369.68 °C,1369.68 °C,1369.68 °C,1369.68 °C,1369.68 °C,0,0,0,0,0,0,0,0,0,0,0,0,0,0,0,0,1,
84.296,-124.90,-124.91,-63.83,0.00,-1.53,0.00,-5.97,-3.07,-641.18,-124.52,-124.52,-124.52,0.00,0.00,0.92,0.92,-18.29,-15.45,-17.29,-0.00,-126.20,-4.27,0.00,0.00,-1035.38,0.00,0.00,0.00,0.00,0.00,0.00,0.00,29.39 °C,29.39 °C,29.49 °C,29.39 °C,29.49 °C,29.39 °C,29.39 °C,1369.68 °C,1369.68 °C,1369.68 °C,1369.68 °C,1369.68 °C,1369.68 °C,1369.68 °C,0,0,0,0,0,0,0,0,0,0,0,0,0,0,0,0,1,
85.297,-124.90,-124.91,-63.83,0.00,-1.46,0.00,-5.97,-3.07,-641.18,-124.52,-124.52,-124.52,0.00,0.00,1.83,0.92,-15.61,-15.76,-17.98,-0.00,-126.20,-4.27,0.00,0.00,-1035.38,0.00,0.00,0.00,0.00,0.00,0.00,0.00,29.39 °C,29.39 °C,29.39 °C,29.30 °C,29.49 °C,29.39 °C,29.39 °C,1369.68 °C,1369.68 °C,1369.68 °C,1369.68 °C,1369.68 °C,1369.68 °C,1369.68 °C,0,0,0,0,0,0,0,0,0,0,0,0,0,0,0,0,1,
86.298,-124.90,-124.91,-63.83,0.00,-1.46,0.00,-5.97,-3.07,-641.18,-124.52,-124.52,-124.52,0.00,0.00,1.83,0.92,-14.92,-15.61,-17.98,-0.00,-126.20,-4.27,0.00,0.00,-1035.38,0.00,0.00,0.00,0.00,0.00,0.00,0.00,29.39 °C,29.39 °C,29.39 °C,29.39 °C,29.49 °C,29.39 °C,29.49 °C,1369.68 °C,1369.68 °C,1369.68 °C,1369.68 °C,1369.68 °C,1369.68 °C,1369.68 °C,0,0,0,0,0,0,0,0,0,0,0,0,0,0,0,0,1,
87.298,-124.90,-124.91,-63.83,0.00,-1.46,0.00,-5.97,-2.93,-641.18,-124.52,-124.52,-124.52,0.00,0.00,1.83,0.92,-15.30,-15.91,-17.83,-0.00,-126.20,-4.27,0.00,0.00,-1035.38,0.00,0.00,0.00,0.00,0.00,0.00,0.00,29.39 °C,29.39 °C,29.39 °C,29.30 °C,29.49 °C,29.39 °C,29.49 °C,1369.68 °C,1369.68 °C,1369.68 °C,1369.68 °C,1369.68 °C,1369.68 °C,1369.68 °C,0,0,0,0,0,0,0,0,0,0,0,0,0,0,0,0,1,
88.298,-124.90,-124.91,-63.83,0.00,-1.46,0.00,-5.97,-2.93,-641.18,-124.52,-124.52,-124.52,0.00,0.00,1.83,0.92,-15.76,-15.91,-17.98,-0.00,-126.20,-4.27,0.00,0.00,-1035.38,0.00,0.00,0.00,0.00,0.00,0.00,0.00,29.39 °C,29.39 °C,29.39 °C,29.30 °C,29.49 °C,29.39 °C,29.49 °C,1369.68 °C,1369.68 °C,1369.68 °C,1369.68 °C,1369.68 °C,1369.68 °C,1369.68 °C,0,0,0,0,0,0,0,0,0,0,0,0,0,0,0,0,1,
89.299,-124.90,-124.91,-63.83,0.00,-1.46,0.00,-6.08,-2.93,-641.18,-124.52,-124.52,-124.52,0.00,0.00,1.83,0.92,-16.14,-15.76,-17.98,-0.00,-126.20,-4.27,0.00,0.00,-1035.38,0.00,0.00,0.00,0.00,0.00,0.00,0.00,29.49 °C,29.39 °C,29.49 °C,29.39 °C,29.49 °C,29.39 °C,29.49 °C,1369.68 °C,1369.68 °C,1369.68 °C,1369.68 °C,1369.68 °C,1369.68 °C,1369.68 °C,0,0,0,0,0,0,0,0,0,0,0,0,0,0,0,0,1,
90.299,-124.90,-124.91,-63.83,0.00,-1.46,0.00,-5.97,-2.93,-641.18,-124.52,-124.52,-124.52,0.00,0.00,1.83,0.92,-16.45,-15.76,-17.83,-0.00,-126.20,-4.27,0.00,0.00,-1035.38,0.00,0.00,0.00,0.00,0.00,0.00,0.00,29.49 °C,29.39 °C,29.49 °C,29.39 °C,29.49 °C,29.39 °C,29.49 °C,1369.68 °C,1369.68 °C,1369.68 °C,1369.68 °C,1369.68 °C,1369.68 °C,1369.68 °C,0,0,0,0,0,0,0,0,0,0,0,0,0,0,0,0,1,
91.299,-124.90,-124.91,-63.83,0.00,-1.53,0.00,-6.08,-2.93,-641.18,-124.52,-124.52,-124.52,0.00,0.00,1.83,0.92,-16.99,-15.76,-17.83,-0.00,-126.20,-4.27,0.00,0.00,-1035.38,0.00,0.00,0.00,0.00,0.00,0.00,0.00,29.49 °C,29.39 °C,29.39 °C,29.39 °C,29.49 °C,29.39 °C,29.49 °C,1369.68 °C,1369.68 °C,1369.68 °C,1369.68 °C,1369.68 °C,1369.68 °C,1369.68 °C,0,0,0,0,0,0,0,0,0,0,0,0,0,0,0,0,1,
92.299,-124.90,-124.91,-63.83,0.00,-1.53,0.00,-6.08,-2.93,-641.18,-124.52,-124.52,-124.52,0.00,0.00,0.92,0.92,-17.29,-15.76,-17.98,-0.00,-126.20,-4.27,0.00,0.00,-1035.38,0.00,0.00,0.00,0.00,0.00,0.00,0.00,29.30 °C,29.39 °C,29.39 °C,29.39 °C,29.49 °C,29.39 °C,29.49 °C,1369.68 °C,1369.68 °C,1369.68 °C,1369.68 °C,1369.68 °C,1369.68 °C,1369.68 °C,0,0,0,0,0,0,0,0,0,0,0,0,0,0,0,0,1,
93.300,-124.90,-124.91,-63.83,0.00,-1.53,0.00,-5.97,-2.93,-641.18,-124.52,-124.52,-124.52,0.00,0.00,0.92,0.92,-17.29,-15.61,-17.83,-0.00,-126.20,-4.27,0.00,0.00,-1035.38,0.00,0.00,0.00,0.00,0.00,0.00,0.00,29.39 °C,29.39 °C,29.39 °C,29.39 °C,29.49 °C,29.39 °C,29.49 °C,1369.68 °C,1369.68 °C,1369.68 °C,1369.68 °C,1369.68 °C,1369.68 °C,1369.68 °C,0,0,0,0,0,0,0,0,0,0,0,0,0,0,0,0,1,
94.300,-124.90,-124.91,-63.83,0.00,-1.53,0.00,-5.97,-2.93,-641.18,-124.52,-124.52,-124.52,0.00,0.00,0.92,0.92,-17.45,-15.61,-17.83,-0.00,-126.20,-4.27,0.00,0.00,-1035.38,0.00,0.00,0.00,0.00,0.00,0.00,0.00,29.39 °C,29.39 °C,29.39 °C,29.39 °C,29.49 °C,29.39 °C,29.39 °C,1369.68 °C,1369.68 °C,1369.68 °C,1369.68 °C,1369.68 °C,1369.68 °C,1369.68 °C,0,0,0,0,0,0,0,0,0,0,0,0,0,0,0,0,1,
95.300,-124.90,-124.91,-63.83,0.00,-1.53,0.00,-5.97,-2.93,-641.18,-124.52,-124.52,-124.52,0.00,0.00,0.92,0.92,-17.83,-15.61,-17.83,-0.00,-126.20,-4.27,0.00,0.00,-1035.38,0.00,0.00,0.00,0.00,0.00,0.00,0.00,29.39 °C,29.39 °C,29.49 °C,29.39 °C,29.49 °C,29.39 °C,29.49 °C,1369.68 °C,1369.68 °C,1369.68 °C,1369.68 °C,1369.68 °C,1369.68 °C,1369.68 °C,0,0,0,0,0,0,0,0,0,0,0,0,0,0,0,0,1,
96.301,-124.90,-124.91,-63.83,0.00,-1.53,0.00,-5.97,-2.93,-641.18,-124.52,-124.52,-124.52,0.00,0.00,0.92,0.92,-17.98,-15.61,-17.83,-0.00,-126.20,-4.27,0.00,0.00,-1035.38,0.00,0.00,0.00,0.00,0.00,0.00,0.00,29.39 °C,29.39 °C,29.49 °C,29.39 °C,29.49 °C,29.39 °C,29.49 °C,1369.68 °C,1369.68 °C,1369.68 °C,1369.68 °C,1369.68 °C,1369.68 °C,1369.68 °C,0,0,0,0,0,0,0,0,0,0,0,0,0,0,0,0,1,
97.301,-124.90,-124.91,-63.83,0.00,-1.53,0.00,-5.97,-2.84,-641.18,-124.52,-124.52,-124.52,0.00,0.00,0.92,0.92,-17.98,-15.61,-17.83,-0.00,-126.20,-4.27,0.00,0.00,-1035.38,0.00,0.00,0.00,0.00,0.00,0.00,0.00,29.39 °C,29.39 °C,29.49 °C,29.39 °C,29.49 °C,29.39 °C,29.49 °C,1369.68 °C,1369.68 °C,1369.68 °C,1369.68 °C,1369.68 °C,1369.68 °C,1369.68 °C,0,0,0,0,0,0,0,0,0,0,0,0,0,0,0,0,1,
98.301,-124.90,-124.91,-63.83,0.00,-1.53,0.00,-5.97,-2.93,-641.18,-124.52,-124.52,-124.52,0.00,0.00,0.92,0.92,-18.44,-15.61,-18.13,-0.00,-126.20,-4.27,0.00,0.00,-1035.38,0.00,0.00,0.00,0.00,0.00,0.00,0.00,29.39 °C,29.39 °C,29.49 °C,29.39 °C,29.49 °C,29.39 °C,29.49 °C,1369.68 °C,1369.68 °C,1369.68 °C,1369.68 °C,1369.68 °C,1369.68 °C,1369.68 °C,0,0,0,0,0,0,0,0,0,0,0,0,0,0,0,0,1,
99.301,-124.90,-124.91,-63.83,0.00,-1.53,0.00,-5.97,-2.84,-641.18,-124.52,-124.52,-124.52,0.00,0.00,0.92,0.92,-18.44,-15.61,-18.13,-0.00,-126.27,-4.27,0.00,0.00,-1035.38,0.00,0.00,0.00,0.00,0.00,0.00,0.00,29.49 °C,29.39 °C,29.49 °C,29.39 °C,29.49 °C,29.39 °C,29.49 °C,1369.68 °C,1369.68 °C,1369.68 °C,1369.68 °C,1369.68 °C,1369.68 °C,1369.68 °C,0,0,0,0,0,0,0,0,0,0,0,0,0,0,0,0,1,
100.302,-124.90,-124.91,-63.83,0.00,-1.53,0.00,-5.97,-2.84,-641.18,-124.52,-124.52,-124.52,0.00,0.00,0.92,0.92,-18.44,-15.61,-18.13,-0.00,-126.20,-4.39,0.00,0.00,-1035.38,0.00,0.00,0.00,0.00,0.00,0.00,0.00,29.49 °C,29.39 °C,29.49 °C,29.39 °C,29.49 °C,29.39 °C,29.49 °C,1369.68 °C,1369.68 °C,1369.68 °C,1369.68 °C,1369.68 °C,1369.68 °C,1369.68 °C,0,0,0,0,0,0,0,0,0,0,0,0,0,0,0,0,1,
101.302,-124.90,-124.91,-63.83,0.00,-1.53,0.00,-5.97,-2.84,-641.18,-124.52,-124.52,-124.52,0.00,0.00,0.92,0.92,-18.82,-15.45,-17.98,-0.00,-126.20,-4.27,0.00,0.00,-1035.38,0.00,0.00,0.00,0.00,0.00,0.00,0.00,29.39 °C,29.39 °C,29.49 °C,29.39 °C,29.49 °C,29.39 °C,29.49 °C,1369.68 °C,1369.68 °C,1369.68 °C,1369.68 °C,1369.68 °C,1369.68 °C,1369.68 °C,0,0,0,0,0,0,0,0,0,0,0,0,0,0,0,0,1,
102.302,-124.90,-124.91,-63.83,0.00,-1.53,0.00,-5.97,-2.84,-641.18,-124.52,-124.52,-124.52,0.00,0.00,0.92,0.92,-19.97,-14.77,-17.98,-0.00,-126.20,-4.27,0.00,0.00,-1035.38,0.00,0.00,0.00,0.00,0.00,0.00,0.00,29.49 °C,29.39 °C,29.49 °C,29.39 °C,29.49 °C,29.39 °C,29.49 °C,1369.68 °C,1369.68 °C,1369.68 °C,1369.68 °C,1369.68 °C,1369.68 °C,1369.68 °C,0,0,0,0,0,0,0,0,0,0,0,0,0,0,0,0,1,
103.302,-124.90,-124.91,-63.83,0.00,-1.53,0.00,-6.08,-2.75,-641.18,-124.52,-124.52,-124.52,0.00,0.00,0.92,0.92,-19.82,-14.92,-17.83,-0.00,-126.20,-4.27,0.00,0.00,-1035.38,0.00,0.00,0.00,0.00,0.00,0.00,0.00,29.49 °C,29.49 °C,29.49 °C,29.39 °C,29.49 °C,29.39 °C,29.49 °C,1369.68 °C,1369.68 °C,1369.68 °C,1369.68 °C,1369.68 °C,1369.68 °C,1369.68 °C,0,0,0,0,0,0,0,0,0,0,0,0,0,0,0,0,1,
104.302,-124.90,-124.91,-63.83,0.00,-1.53,0.00,-6.08,-2.75,-641.18,-124.52,-124.52,-124.52,0.00,0.00,0.92,0.92,-19.44,-15.15,-17.98,-0.00,-126.27,-4.27,0.00,0.00,-1035.38,0.00,0.00,0.00,0.00,0.00,0.00,0.00,29.39 °C,29.39 °C,29.49 °C,29.39 °C,29.49 °C,29.39 °C,29.49 °C,1369.68 °C,1369.68 °C,1369.68 °C,1369.68 °C,1369.68 °C,1369.68 °C,1369.68 °C,0,0,0,0,0,0,0,0,0,0,0,0,0,0,0,0,1,
105.302,-124.90,-124.91,-63.83,0.00,-1.53,0.00,-6.08,-2.75,-641.18,-124.52,-124.52,-124.52,0.00,0.00,0.92,0.92,-19.28,-14.92,-17.60,-0.00,-126.27,-4.27,0.00,0.00,-1035.38,0.00,0.00,0.00,0.00,0.00,0.00,0.00,29.49 °C,29.49 °C,29.39 °C,29.39 °C,29.49 °C,29.39 °C,29.49 °C,1369.68 °C,1369.68 °C,1369.68 °C,1369.68 °C,1369.68 °C,1369.68 °C,1369.68 °C,0,0,0,0,0,0,0,0,0,0,0,0,0,0,0,0,1,
106.302,-124.90,-124.91,-63.83,0.00,-1.46,0.00,-6.08,-2.75,-641.18,-124.52,-124.52,-124.52,0.00,0.00,0.92,0.92,-19.44,-14.77,-17.83,-0.00,-126.27,-4.39,0.00,0.00,-1035.38,0.00,0.00,0.00,0.00,0.00,0.00,0.00,29.49 °C,29.39 °C,29.49 °C,29.39 °C,29.49 °C,29.39 °C,29.49 °C,1369.68 °C,1369.68 °C,1369.68 °C,1369.68 °C,1369.68 °C,1369.68 °C,1369.68 °C,0,0,0,0,0,0,0,0,0,0,0,0,0,0,0,0,1,
107.303,-124.90,-124.91,-63.83,0.00,-1.46,0.00,-6.08,-2.75,-641.18,-124.52,-124.52,-124.52,0.00,0.00,0.92,0.92,-19.82,-14.77,-17.83,-0.00,-126.27,-4.39,0.00,0.00,-1035.38,0.00,0.00,0.00,0.00,0.00,0.00,0.00,29.49 °C,29.39 °C,29.49 °C,29.39 °C,29.49 °C,29.39 °C,29.49 °C,1369.68 °C,1369.68 °C,1369.68 °C,1369.68 °C,1369.68 °C,1369.68 °C,1369.68 °C,0,0,0,0,0,0,0,0,0,0,0,0,0,0,0,0,1,
108.303,-124.90,-124.91,-63.83,0.00,-1.46,0.00,-6.16,-2.75,-641.18,-124.78,-124.52,-124.52,0.00,0.00,0.92,0.92,-20.13,-14.61,-17.98,-0.00,-126.27,-4.39,0.00,0.00,-1035.38,0.00,0.00,0.00,0.00,0.00,0.00,0.00,29.49 °C,29.39 °C,29.49 °C,29.39 °C,29.49 °C,29.39 °C,29.49 °C,1369.68 °C,1369.68 °C,1369.68 °C,1369.68 °C,1369.68 °C,1369.68 °C,1369.68 °C,0,0,0,0,0,0,0,0,0,0,0,0,0,0,0,0,1,
109.303,-124.90,-124.91,-63.83,0.00,-1.42,0.00,-6.16,-2.65,-641.18,-124.52,-124.52,-124.52,0.00,0.00,0.92,0.92,-19.28,-14.61,-17.60,-0.00,-126.27,-4.27,0.00,0.00,-1035.38,0.00,0.00,0.00,0.00,0.00,0.00,0.00,29.39 °C,29.39 °C,29.49 °C,29.39 °C,29.49 °C,29.39 °C,29.49 °C,1369.68 °C,1369.68 °C,1369.68 °C,1369.68 °C,1369.68 °C,1369.68 °C,1369.68 °C,0,0,0,0,0,0,0,0,0,0,0,0,0,0,0,0,1,
110.303,-124.90,-124.91,-63.83,0.00,-1.42,0.00,-6.16,-2.65,-641.18,-124.52,-124.52,-124.52,0.00,0.00,0.92,0.92,-19.28,-14.77,-17.60,-0.00,-126.20,-4.39,0.00,0.00,-1035.38,0.00,0.00,0.00,0.00,0.00,0.00,0.00,29.39 °C,29.39 °C,29.49 °C,29.39 °C,29.49 °C,29.39 °C,29.49 °C,1369.68 °C,1369.68 °C,1369.68 °C,1369.68 °C,1369.68 °C,1369.68 °C,1369.68 °C,0,0,0,0,0,0,0,0,0,0,0,0,0,0,0,0,1,
111.303,-124.90,-124.91,-63.83,0.00,-1.46,0.00,-6.16,-2.65,-641.18,-124.52,-124.52,-124.52,0.00,0.00,1.83,0.92,-17.14,-14.77,-17.60,-0.00,-126.20,-4.27,0.00,0.00,-1035.38,0.00,0.00,0.00,0.00,0.00,0.00,0.00,29.49 °C,29.39 °C,29.49 °C,29.49 °C,29.49 °C,29.49 °C,29.49 °C,1369.68 °C,1369.68 °C,1369.68 °C,1369.68 °C,1369.68 °C,1369.68 °C,1369.68 °C,0,0,0,0,0,0,0,0,0,0,0,0,0,0,0,0,1,
112.303,-124.90,-124.91,-63.83,0.00,-1.46,0.00,-6.16,-2.65,-641.18,-124.52,-124.30,-124.52,0.00,0.00,1.83,0.92,-16.45,-15.61,-17.60,-0.00,-126.20,-4.27,0.00,0.00,-1035.38,0.00,0.00,0.00,0.00,0.00,0.00,0.00,29.49 °C,29.49 °C,29.49 °C,29.49 °C,29.49 °C,29.39 °C,29.49 °C,1369.68 °C,1369.68 °C,1369.68 °C,1369.68 °C,1369.68 °C,1369.68 °C,1369.68 °C,0,0,0,0,0,0,0,0,0,0,0,0,0,0,0,0,1,
113.303,-124.90,-124.91,-63.83,0.00,-1.42,0.00,-6.16,-2.75,-641.18,-124.52,-124.30,-124.52,0.00,0.00,1.83,0.92,-16.30,-15.76,-17.60,-0.00,-126.20,-4.27,0.00,0.00,-1035.38,0.00,0.00,0.00,0.00,0.00,0.00,0.00,29.49 °C,29.49 °C,29.49 °C,29.39 °C,29.49 °C,29.39 °C,29.49 °C,1369.68 °C,1369.68 °C,1369.68 °C,1369.68 °C,1369.68 °C,1369.68 °C,1369.68 °C,0,0,0,0,0,0,0,0,0,0,0,0,0,0,0,0,1,
114.304,-124.90,-124.91,-63.83,0.00,-1.42,0.00,-6.16,-2.65,-641.18,-124.52,-124.30,-124.52,0.00,0.00,1.83,0.92,-16.30,-15.61,-17.45,-0.00,-126.20,-4.27,0.00,0.00,-1035.38,0.00,0.00,0.00,0.00,0.00,0.00,0.00,29.49 °C,29.39 °C,29.49 °C,29.49 °C,29.49 °C,29.39 °C,29.49 °C,1369.68 °C,1369.68 °C,1369.68 °C,1369.68 °C,1369.68 °C,1369.68 °C,1369.68 °C,0,0,0,0,0,0,0,0,0,0,0,0,0,0,0,0,1,
115.304,-124.90,-124.91,-63.83,0.00,-1.42,0.00,-6.16,-2.75,-641.18,-124.52,-124.30,-124.52,0.00,0.00,1.83,0.92,-17.14,-15.91,-17.98,-0.00,-126.20,-4.27,0.00,0.00,-1035.38,0.00,0.00,0.00,0.00,0.00,0.00,0.00,29.49 °C,29.49 °C,29.49 °C,29.39 °C,29.49 °C,29.39 °C,29.49 °C,1369.68 °C,1369.68 °C,1369.68 °C,1369.68 °C,1369.68 °C,1369.68 °C,1369.68 °C,0,0,0,0,0,0,0,0,0,0,0,0,0,0,0,0,1,
116.304,-124.90,-124.91,-63.83,0.00,-1.46,0.00,-6.08,-2.75,-641.18,-124.52,-124.52,-124.52,0.00,0.00,1.83,0.92,-17.29,-15.91,-17.98,-0.00,-126.20,-4.27,0.00,0.00,-1035.38,0.00,0.00,0.00,0.00,0.00,0.00,0.00,29.39 °C,29.49 °C,29.49 °C,29.49 °C,29.49 °C,29.39 °C,29.49 °C,1369.68 °C,1369.68 °C,1369.68 °C,1369.68 °C,1369.68 °C,1369.68 °C,1369.68 °C,0,0,0,0,0,0,0,0,0,0,0,0,0,0,0,0,1,
117.305,-124.90,-124.91,-63.83,0.00,-1.46,0.00,-6.16,-2.75,-641.18,-124.52,-124.52,-124.52,0.00,0.00,1.83,0.92,-17.60,-15.76,-17.98,-0.00,-126.20,-4.27,0.00,0.00,-1035.38,0.00,0.00,0.00,0.00,0.00,0.00,0.00,29.49 °C,29.49 °C,29.49 °C,29.49 °C,29.49 °C,29.49 °C,29.49 °C,1369.68 °C,1369.68 °C,1369.68 °C,1369.68 °C,1369.68 °C,1369.68 °C,1369.68 °C,0,0,0,0,0,0,0,0,0,0,0,0,0,0,0,0,1,
118.305,-124.90,-124.91,-63.83,0.00,-1.46,0.00,-6.08,-2.75,-641.18,-124.52,-124.52,-124.52,0.00,0.00,1.83,0.92,-17.60,-15.76,-17.98,-0.00,-126.20,-4.27,0.00,0.00,-1035.38,0.00,0.00,0.00,0.00,0.00,0.00,0.00,29.49 °C,29.49 °C,29.49 °C,29.39 °C,29.49 °C,29.39 °C,29.49 °C,1369.68 °C,1369.68 °C,1369.68 °C,1369.68 °C,1369.68 °C,1369.68 °C,1369.68 °C,0,0,0,0,0,0,0,0,0,0,0,0,0,0,0,0,1,
119.305,-124.90,-124.91,-63.83,0.00,-1.42,0.00,-6.16,-2.75,-641.18,-124.52,-124.52,-124.52,0.00,0.00,1.83,0.92,-17.83,-15.61,-17.83,-0.00,-126.27,-4.27,0.00,0.00,-1035.38,0.00,0.00,0.00,0.00,0.00,0.00,0.00,29.49 °C,29.49 °C,29.49 °C,29.49 °C,29.49 °C,29.39 °C,29.49 °C,1369.68 °C,1369.68 °C,1369.68 °C,1369.68 °C,1369.68 °C,1369.68 °C,1369.68 °C,0,0,0,0,0,0,0,0,0,0,0,0,0,0,0,0,1,
120.305,-124.90,-124.91,-63.83,0.00,-1.42,0.00,-6.08,-2.84,-641.18,-124.52,-124.52,-124.52,0.00,0.00,1.83,0.92,-17.83,-15.61,-17.83,-0.00,-126.20,-4.27,0.00,0.00,-1035.38,0.00,0.00,0.00,0.00,0.00,0.00,0.00,29.49 °C,29.49 °C,29.49 °C,29.49 °C,29.49 °C,29.49 °C,29.49 °C,1369.68 °C,1369.68 °C,1369.68 °C,1369.68 °C,1369.68 °C,1369.68 °C,1369.68 °C,0,0,0,0,0,0,0,0,0,0,0,0,0,0,0,0,1,
121.306,-124.90,-124.91,-63.83,0.00,-1.42,0.00,-6.16,-2.75,-641.18,-124.52,-124.52,-124.52,0.00,0.00,1.83,0.92,-17.98,-15.61,-17.83,-0.00,-126.27,-4.27,0.00,0.00,-1035.38,0.00,0.00,0.00,0.00,0.00,0.00,0.00,29.49 °C,29.49 °C,29.49 °C,29.49 °C,29.49 °C,29.49 °C,29.49 °C,1369.68 °C,1369.68 °C,1369.68 °C,1369.68 °C,1369.68 °C,1369.68 °C,1369.68 °C,0,0,0,0,0,0,0,0,0,0,0,0,0,0,0,0,1,
122.306,-124.90,-124.91,-63.83,0.00,-1.46,0.00,-6.16,-2.75,-641.18,-124.52,-124.52,-124.52,0.00,0.00,0.92,0.92,-18.13,-15.61,-17.83,-0.00,-126.27,-4.39,0.00,0.00,-1035.38,0.00,0.00,0.00,0.00,0.00,0.00,0.00,29.49 °C,29.49 °C,29.49 °C,29.49 °C,29.49 °C,29.39 °C,29.49 °C,1369.68 °C,1369.68 °C,1369.68 °C,1369.68 °C,1369.68 °C,1369.68 °C,1369.68 °C,0,0,0,0,0,0,0,0,0,0,0,0,0,0,0,0,1,
123.306,-124.90,-124.91,-63.83,0.00,-1.42,0.00,-6.16,-2.75,-641.18,-124.52,-124.52,-124.52,0.00,0.00,0.92,0.92,-18.13,-15.45,-17.83,-0.00,-126.27,-4.27,0.00,0.00,-1035.38,0.00,0.00,0.00,0.00,0.00,0.00,0.00,29.49 °C,29.49 °C,29.49 °C,29.39 °C,29.49 °C,29.39 °C,29.49 °C,1369.68 °C,1369.68 °C,1369.68 °C,1369.68 °C,1369.68 °C,1369.68 °C,1369.68 °C,0,0,0,0,0,0,0,0,0,0,0,0,0,0,0,0,1,
124.307,-124.90,-124.91,-63.83,0.00,-1.42,0.00,-6.16,-2.75,-641.18,-124.52,-124.52,-124.52,0.00,0.00,0.92,0.92,-18.13,-15.45,-14.92,-0.00,-126.27,-4.27,0.00,0.00,-1035.38,0.00,0.00,0.00,0.00,0.00,0.00,0.00,29.49 °C,29.49 °C,29.49 °C,29.39 °C,29.49 °C,29.39 °C,29.49 °C,1369.68 °C,1369.68 °C,1369.68 °C,1369.68 °C,1369.68 °C,1369.68 °C,1369.68 °C,0,0,0,0,0,0,0,0,0,0,0,0,0,0,0,0,1,
125.307,-124.90,-124.91,-63.83,0.00,-1.42,0.00,-6.08,-2.84,-641.18,-124.52,-124.52,-124.52,0.00,0.00,0.92,0.92,-18.44,-15.61,-15.45,-0.00,-126.27,-4.39,0.00,0.00,-1035.38,0.00,0.00,0.00,0.00,0.00,0.00,0.00,29.49 °C,29.49 °C,29.49 °C,29.49 °C,29.49 °C,29.39 °C,29.49 °C,1369.68 °C,1369.68 °C,1369.68 °C,1369.68 °C,1369.68 °C,1369.68 °C,1369.68 °C,0,0,0,0,0,0,0,0,0,0,0,0,0,0,0,0,1,
126.307,-124.90,-124.91,-63.83,0.00,-1.42,0.00,-6.08,-2.84,-641.18,-124.52,-124.52,-124.52,0.00,0.00,0.92,0.92,-18.44,-15.61,-15.61,-0.00,-126.27,-4.39,0.00,0.00,-1035.38,0.00,0.00,0.00,0.00,0.00,0.00,0.00,29.49 °C,29.49 °C,29.49 °C,29.49 °C,29.49 °C,29.39 °C,29.49 °C,1369.68 °C,1369.68 °C,1369.68 °C,1369.68 °C,1369.68 °C,1369.68 °C,1369.68 °C,0,0,0,0,0,0,0,0,0,0,0,0,0,0,0,0,1,
127.307,-124.90,-124.91,-63.83,0.00,-1.42,0.00,-6.08,-2.84,-641.18,-124.52,-124.52,-124.52,0.00,0.00,0.92,0.92,-18.44,-15.61,-16.14,-0.00,-126.20,-4.27,0.00,0.00,-1035.38,0.00,0.00,0.00,0.00,0.00,0.00,0.00,29.49 °C,29.39 °C,29.49 °C,29.39 °C,29.49 °C,29.39 °C,29.49 °C,1369.68 °C,1369.68 °C,1369.68 °C,1369.68 °C,1369.68 °C,1369.68 °C,1369.68 °C,0,0,0,0,0,0,0,0,0,0,0,0,0,0,0,0,1,
128.308,-124.90,-124.91,-63.83,0.00,-1.42,0.00,-6.08,-2.84,-641.18,-124.52,-124.52,-124.52,0.00,0.00,0.92,0.92,-18.44,-15.61,-16.30,-0.00,-126.27,-4.39,0.00,0.00,-1035.38,0.00,0.00,0.00,0.00,0.00,0.00,0.00,29.49 °C,29.49 °C,29.49 °C,29.39 °C,29.49 °C,29.49 °C,29.49 °C,1369.68 °C,1369.68 °C,1369.68 °C,1369.68 °C,1369.68 °C,1369.68 °C,1369.68 °C,0,0,0,0,0,0,0,0,0,0,0,0,0,0,0,0,1,
129.308,-124.90,-124.91,-63.83,0.00,-1.42,0.00,-6.08,-2.84,-641.18,-124.52,-124.52,-124.52,0.00,0.00,0.92,0.92,-18.44,-15.61,-16.60,-0.00,-126.27,-4.27,0.00,0.00,-1035.38,0.00,0.00,0.00,0.00,0.00,0.00,0.00,29.49 °C,29.49 °C,29.49 °C,29.49 °C,29.49 °C,29.39 °C,29.49 °C,1369.68 °C,1369.68 °C,1369.68 °C,1369.68 °C,1369.68 °C,1369.68 °C,1369.68 °C,0,0,0,0,0,0,0,0,0,0,0,0,0,0,0,0,1,
130.308,-124.90,-124.91,-63.83,0.00,-1.42,0.00,-6.08,-2.84,-641.18,-124.52,-124.52,-124.52,0.00,0.00,0.92,0.92,-18.44,-15.45,-16.60,-0.00,-126.27,-4.27,0.00,0.00,-1035.38,0.00,0.00,0.00,0.00,0.00,0.00,0.00,29.49 °C,29.49 °C,29.49 °C,29.39 °C,29.49 °C,29.49 °C,29.49 °C,1369.68 °C,1369.68 °C,1369.68 °C,1369.68 °C,1369.68 °C,1369.68 °C,1369.68 °C,0,0,0,0,0,0,0,0,0,0,0,0,0,0,0,0,1,
131.308,-124.90,-124.91,-63.83,0.00,-1.42,0.00,-6.16,-2.75,-641.18,-124.52,-124.52,-124.52,0.00,0.00,0.92,0.92,-18.44,-15.45,-16.99,-0.00,-126.27,-4.27,0.00,0.00,-1035.38,0.00,0.00,0.00,0.00,0.00,0.00,0.00,29.49 °C,29.49 °C,29.49 °C,29.49 °C,29.49 °C,29.39 °C,29.49 °C,1369.68 °C,1369.68 °C,1369.68 °C,1369.68 °C,1369.68 °C,1369.68 °C,1369.68 °C,0,0,0,0,0,0,0,0,0,0,0,0,0,0,0,0,1,
132.308,-124.90,-124.91,-63.83,0.00,-1.42,0.00,-6.16,-2.75,-641.18,-124.52,-124.52,-124.52,0.00,0.00,0.92,0.92,-18.44,-15.61,-16.99,-0.00,-126.27,-4.39,0.00,0.00,-1035.38,0.00,0.00,0.00,0.00,0.00,0.00,0.00,29.49 °C,29.49 °C,29.49 °C,29.49 °C,29.49 °C,29.49 °C,29.49 °C,1369.68 °C,1369.68 °C,1369.68 °C,1369.68 °C,1369.68 °C,1369.68 °C,1369.68 °C,0,0,0,0,0,0,0,0,0,0,0,0,0,0,0,0,1,
133.308,-124.90,-124.91,-63.83,0.00,-1.37,0.00,-6.16,-2.75,-641.18,-124.52,-124.52,-124.52,0.00,0.00,0.92,0.92,-18.44,-15.61,-17.14,-0.00,-126.20,-4.27,0.00,0.00,-1035.38,0.00,0.00,0.00,0.00,0.00,0.00,0.00,29.39 °C,29.39 °C,29.49 °C,29.39 °C,29.49 °C,29.39 °C,29.49 °C,1369.68 °C,1369.68 °C,1369.68 °C,1369.68 °C,1369.68 °C,1369.68 °C,1369.68 °C,0,0,0,0,0,0,0,0,0,0,0,0,0,0,0,0,1,
134.308,-124.90,-124.91,-63.83,0.00,-1.37,0.00,-6.08,-2.75,-641.18,-124.52,-124.52,-124.52,0.00,0.00,0.92,0.92,-18.44,-15.61,-17.29,-0.00,-126.20,-4.27,0.00,0.00,-1035.38,0.00,0.00,0.00,0.00,0.00,0.00,0.00,29.49 °C,29.49 °C,29.49 °C,29.49 °C,29.49 °C,29.39 °C,29.49 °C,1369.68 °C,1369.68 °C,1369.68 °C,1369.68 °C,1369.68 °C,1369.68 °C,1369.68 °C,0,0,0,0,0,0,0,0,0,0,0,0,0,0,0,0,1,
135.309,-124.90,-124.91,-63.83,0.00,-1.37,0.00,-6.16,-2.75,-641.18,-124.52,-124.52,-124.52,0.00,0.00,0.92,0.92,-18.29,-15.45,-17.29,-0.00,-126.20,-4.27,0.00,0.00,-1035.38,0.00,0.00,0.00,0.00,0.00,0.00,0.00,29.49 °C,29.39 °C,29.49 °C,29.49 °C,29.49 °C,29.39 °C,29.49 °C,1369.68 °C,1369.68 °C,1369.68 °C,1369.68 °C,1369.68 °C,1369.68 °C,1369.68 °C,0,0,0,0,0,0,0,0,0,0,0,0,0,0,0,0,1,
136.309,-124.90,-124.91,-63.83,0.00,-1.42,0.00,-6.16,-2.75,-641.18,-124.52,-124.52,-124.52,0.00,0.00,0.92,0.92,-18.29,-15.45,-17.29,-0.00,-126.20,-4.39,0.00,0.00,-1035.38,0.00,0.00,0.00,0.00,0.00,0.00,0.00,29.49 °C,29.49 °C,29.49 °C,29.49 °C,29.49 °C,29.39 °C,29.49 °C,1369.68 °C,1369.68 °C,1369.68 °C,1369.68 °C,1369.68 °C,1369.68 °C,1369.68 °C,0,0,0,0,0,0,0,0,0,0,0,0,0,0,0,0,1,
137.309,-124.90,-124.91,-63.83,0.00,-1.42,0.00,-6.16,-2.75,-641.18,-124.52,-124.52,-124.52,0.00,0.00,0.92,0.92,-15.61,-15.76,-17.98,-0.00,-126.20,-4.39,0.00,0.00,-1035.38,0.00,0.00,0.00,0.00,0.00,0.00,0.00,29.49 °C,29.39 °C,29.49 °C,29.49 °C,29.49 °C,29.39 °C,29.49 °C,1369.68 °C,1369.68 °C,1369.68 °C,1369.68 °C,1369.68 °C,1369.68 °C,1369.68 °C,0,0,0,0,0,0,0,0,0,0,0,0,0,0,0,0,1,
138.309,-124.90,-124.91,-63.83,0.00,-1.37,0.00,-6.16,-2.75,-641.18,-124.52,-124.52,-124.52,0.00,0.00,0.92,0.92,-15.91,-15.76,-17.98,-0.00,-126.20,-4.27,0.00,0.00,-1035.38,0.00,0.00,0.00,0.00,0.00,0.00,0.00,29.49 °C,29.49 °C,29.49 °C,29.49 °C,29.49 °C,29.39 °C,29.49 °C,1369.68 °C,1369.68 °C,1369.68 °C,1369.68 °C,1369.68 °C,1369.68 °C,1369.68 °C,0,0,0,0,0,0,0,0,0,0,0,0,0,0,0,0,1,
139.309,-124.90,-124.91,-63.83,0.00,-1.37,0.00,-6.16,-2.75,-641.18,-124.52,-124.52,-124.52,0.00,0.00,0.92,0.92,-16.14,-15.76,-17.83,-0.00,-126.12,-4.27,0.00,0.00,-1035.38,0.00,0.00,0.00,0.00,0.00,0.00,0.00,29.49 °C,29.49 °C,29.49 °C,29.49 °C,29.49 °C,29.39 °C,29.49 °C,1369.68 °C,1369.68 °C,1369.68 °C,1369.68 °C,1369.68 °C,1369.68 °C,1369.68 °C,0,0,0,0,0,0,0,0,0,0,0,0,0,0,0,0,1,
140.309,-124.90,-124.91,-63.83,0.00,-1.42,0.00,-6.16,-2.75,-641.18,-124.52,-124.52,-124.52,0.00,0.00,0.92,0.92,-16.60,-15.61,-17.83,-0.00,-126.20,-4.27,0.00,0.00,-1035.38,0.00,0.00,0.00,0.00,0.00,0.00,0.00,29.49 °C,29.49 °C,29.49 °C,29.49 °C,29.49 °C,29.39 °C,29.49 °C,1369.68 °C,1369.68 °C,1369.68 °C,1369.68 °C,1369.68 °C,1369.68 °C,1369.68 °C,0,0,0,0,0,0,0,0,0,0,0,0,0,0,0,0,1,
141.309,-124.90,-124.91,-63.83,0.00,-1.37,0.00,-6.16,-2.65,-641.18,-124.52,-124.52,-124.52,0.00,0.00,0.92,0.92,-16.76,-15.61,-17.83,-0.00,-126.20,-4.27,0.00,0.00,-1035.38,0.00,0.00,0.00,0.00,0.00,0.00,0.00,29.49 °C,29.49 °C,29.49 °C,29.39 °C,29.49 °C,29.39 °C,29.49 °C,1369.68 °C,1369.68 °C,1369.68 °C,1369.68 °C,1369.68 °C,1369.68 °C,1369.68 °C,0,0,0,0,0,0,0,0,0,0,0,0,0,0,0,0,1,
142.310,-124.90,-124.91,-63.83,0.00,-1.37,0.00,-6.16,-2.65,-641.18,-124.52,-124.52,-124.52,0.00,0.00,0.92,0.92,-16.76,-15.61,-17.60,-0.00,-126.12,-4.27,0.00,0.00,-1035.38,0.00,0.00,0.00,0.00,0.00,0.00,0.00,29.49 °C,29.49 °C,29.49 °C,29.39 °C,29.49 °C,29.39 °C,29.49 °C,1369.68 °C,1369.68 °C,1369.68 °C,1369.68 °C,1369.68 °C,1369.68 °C,1369.68 °C,0,0,0,0,0,0,0,0,0,0,0,0,0,0,0,0,1,
143.310,-124.90,-124.91,-63.83,0.00,-1.42,0.00,-6.16,-2.65,-641.18,-124.52,-124.52,-124.52,0.00,0.00,0.92,0.92,-17.14,-15.61,-17.83,-0.00,-126.20,-4.27,0.00,0.00,-1035.38,0.00,0.00,0.00,0.00,0.00,0.00,0.00,29.49 °C,29.49 °C,29.49 °C,29.49 °C,29.49 °C,29.39 °C,29.49 °C,1369.68 °C,1369.68 °C,1369.68 °C,1369.68 °C,1369.68 °C,1369.68 °C,1369.68 °C,0,0,0,0,0,0,0,0,0,0,0,0,0,0,0,0,1,
144.310,-124.90,-124.91,-63.83,0.00,-1.42,0.00,-6.16,-2.65,-641.18,-124.52,-124.52,-124.52,0.00,0.00,0.92,0.92,-17.14,-15.61,-17.60,-0.00,-126.20,-4.27,0.00,0.00,-1035.38,0.00,0.00,0.00,0.00,0.00,0.00,0.00,29.49 °C,29.49 °C,29.49 °C,29.39 °C,29.49 °C,29.39 °C,29.49 °C,1369.68 °C,1369.68 °C,1369.68 °C,1369.68 °C,1369.68 °C,1369.68 °C,1369.68 °C,0,0,0,0,0,0,0,0,0,0,0,0,0,0,0,0,1,
145.310,-124.90,-124.91,-63.83,0.00,-1.42,0.00,-6.16,-2.75,-641.18,-124.52,-124.52,-124.52,0.00,0.00,0.92,0.92,-17.29,-15.61,-17.60,-0.00,-126.20,-4.27,0.00,0.00,-1035.38,0.00,0.00,0.00,0.00,0.00,0.00,0.00,29.49 °C,29.49 °C,29.49 °C,29.49 °C,29.49 °C,29.49 °C,29.49 °C,1369.68 °C,1369.68 °C,1369.68 °C,1369.68 °C,1369.68 °C,1369.68 °C,1369.68 °C,0,0,0,0,0,0,0,0,0,0,0,0,0,0,0,0,1,
146.310,-124.90,-124.91,-63.83,0.00,-1.42,0.00,-6.16,-2.65,-641.18,-124.52,-124.52,-124.52,0.00,0.00,0.92,0.92,-17.29,-15.45,-17.60,-0.00,-126.20,-4.27,0.00,0.00,-1035.38,0.00,0.00,0.00,0.00,0.00,0.00,0.00,29.49 °C,29.49 °C,29.49 °C,29.39 °C,29.49 °C,29.39 °C,29.49 °C,1369.68 °C,1369.68 °C,1369.68 °C,1369.68 °C,1369.68 °C,1369.68 °C,1369.68 °C,0,0,0,0,0,0,0,0,0,0,0,0,0,0,0,0,1,
147.310,-124.90,-124.91,-63.83,0.00,-1.42,0.00,-6.16,-2.65,-641.18,-124.52,-124.52,-124.52,0.00,0.00,0.92,0.92,-17.45,-15.61,-17.83,-0.00,-126.27,-4.27,0.00,0.00,-1035.38,0.00,0.00,0.00,0.00,0.00,0.00,0.00,29.49 °C,29.49 °C,29.49 °C,29.39 °C,29.49 °C,29.49 °C,29.49 °C,1369.68 °C,1369.68 °C,1369.68 °C,1369.68 °C,1369.68 °C,1369.68 °C,1369.68 °C,0,0,0,0,0,0,0,0,0,0,0,0,0,0,0,0,1,
148.311,-124.90,-124.91,-63.83,0.00,-1.42,0.00,-6.16,-2.75,-641.18,-124.52,-124.52,-124.52,0.00,0.00,0.92,0.92,-17.45,-15.45,-17.83,-0.00,-126.20,-4.27,0.00,0.00,-1035.38,0.00,0.00,0.00,0.00,0.00,0.00,0.00,29.49 °C,29.39 °C,29.49 °C,29.49 °C,29.49 °C,29.39 °C,29.49 °C,1369.68 °C,1369.68 °C,1369.68 °C,1369.68 °C,1369.68 °C,1369.68 °C,1369.68 °C,0,0,0,0,0,0,0,0,0,0,0,0,0,0,0,0,1,
149.312,-124.90,-124.91,-63.83,0.00,-1.42,0.00,-6.16,-2.65,-641.18,-124.52,-124.52,-124.52,0.00,0.00,0.92,0.92,-17.60,-15.45,-17.83,-0.00,-126.20,-4.27,0.00,0.00,-1035.38,0.00,0.00,0.00,0.00,0.00,0.00,0.00,29.49 °C,29.49 °C,29.49 °C,29.39 °C,29.49 °C,29.49 °C,29.49 °C,1369.68 °C,1369.68 °C,1369.68 °C,1369.68 °C,1369.68 °C,1369.68 °C,1369.68 °C,0,0,0,0,0,0,0,0,0,0,0,0,0,0,0,0,1,
150.312,-124.90,-124.91,-63.83,0.00,-1.42,0.00,-6.16,-2.65,-641.18,-124.52,-124.52,-124.52,0.00,0.00,0.92,0.92,-17.98,-15.45,-17.83,-0.00,-126.20,-4.27,0.00,0.00,-1035.38,0.00,0.00,0.00,0.00,0.00,0.00,0.00,29.49 °C,29.49 °C,29.49 °C,29.39 °C,29.49 °C,29.49 °C,29.49 °C,1369.68 °C,1369.68 °C,1369.68 °C,1369.68 °C,1369.68 °C,1369.68 °C,1369.68 °C,0,0,0,0,0,0,0,0,0,0,0,0,0,0,0,0,1,
151.312,-124.90,-124.91,-63.83,0.00,-1.42,0.00,-6.16,-2.65,-641.18,-124.52,-124.52,-124.52,0.00,0.00,0.92,0.92,-18.13,-15.61,-18.13,-0.00,-126.27,-4.27,0.00,0.00,-1035.38,0.00,0.00,0.00,0.00,0.00,0.00,0.00,29.49 °C,29.39 °C,29.49 °C,29.39 °C,29.49 °C,29.39 °C,29.49 °C,1369.68 °C,1369.68 °C,1369.68 °C,1369.68 °C,1369.68 °C,1369.68 °C,1369.68 °C,0,0,0,0,0,0,0,0,0,0,0,0,0,0,0,0,1,
152.313,-124.90,-124.91,-63.83,0.00,-1.42,0.00,-6.16,-2.65,-641.18,-124.52,-124.52,-124.52,0.00,0.00,0.92,0.92,-17.98,-15.61,-18.13,-0.00,-126.20,-4.27,0.00,0.00,-1035.38,0.00,0.00,0.00,0.00,0.00,0.00,0.00,29.49 °C,29.49 °C,29.49 °C,29.49 °C,29.49 °C,29.39 °C,29.49 °C,1369.68 °C,1369.68 °C,1369.68 °C,1369.68 °C,1369.68 °C,1369.68 °C,1369.68 °C,0,0,0,0,0,0,0,0,0,0,0,0,0,0,0,0,1,
153.313,-124.90,-124.91,-63.83,0.00,-1.42,0.00,-6.16,-2.65,-641.18,-124.52,-124.52,-124.52,0.00,0.00,0.92,0.92,-17.98,-15.45,-18.13,-0.00,-126.20,-4.27,0.00,0.00,-1035.38,0.00,0.00,0.00,0.00,0.00,0.00,0.00,29.49 °C,29.49 °C,29.49 °C,29.39 °C,29.49 °C,29.39 °C,29.49 °C,1369.68 °C,1369.68 °C,1369.68 °C,1369.68 °C,1369.68 °C,1369.68 °C,1369.68 °C,0,0,0,0,0,0,0,0,0,0,0,0,0,0,0,0,1,
154.313,-124.90,-124.91,-63.83,0.00,-1.42,0.00,-6.16,-2.75,-641.18,-124.52,-124.52,-124.52,0.00,0.00,0.92,0.92,-17.98,-15.61,-17.98,-0.00,-126.20,-4.27,0.00,0.00,-1035.38,0.00,0.00,0.00,0.00,0.00,0.00,0.00,29.49 °C,29.49 °C,29.49 °C,29.49 °C,29.49 °C,29.39 °C,29.49 °C,1369.68 °C,1369.68 °C,1369.68 °C,1369.68 °C,1369.68 °C,1369.68 °C,1369.68 °C,0,0,0,0,0,0,0,0,0,0,0,0,0,0,0,0,1,
155.313,-124.90,-124.91,-63.83,0.00,-1.42,0.00,-6.16,-2.75,-641.18,-124.52,-124.52,-124.52,0.00,0.00,0.92,0.92,-17.98,-15.45,-17.98,-0.00,-126.20,-4.27,0.00,0.00,-1035.38,0.00,0.00,0.00,0.00,0.00,0.00,0.00,29.49 °C,29.49 °C,29.49 °C,29.39 °C,29.49 °C,29.49 °C,29.49 °C,1369.68 °C,1369.68 °C,1369.68 °C,1369.68 °C,1369.68 °C,1369.68 °C,1369.68 °C,0,0,0,0,0,0,0,0,0,0,0,0,0,0,0,0,1,
156.313,-124.90,-124.91,-63.83,0.00,-1.42,0.00,-6.16,-2.75,-641.18,-124.52,-124.52,-124.52,0.00,0.00,0.92,0.92,-17.98,-15.45,-17.83,-0.00,-126.20,-4.27,0.00,0.00,-1035.38,0.00,0.00,0.00,0.00,0.00,0.00,0.00,29.49 °C,29.39 °C,29.49 °C,29.39 °C,29.49 °C,29.39 °C,29.49 °C,1369.68 °C,1369.68 °C,1369.68 °C,1369.68 °C,1369.68 °C,1369.68 °C,1369.68 °C,0,0,0,0,0,0,0,0,0,0,0,0,0,0,0,0,1,
157.313,-124.90,-124.91,-63.83,0.00,-1.42,0.00,-6.08,-2.75,-641.18,-124.52,-124.52,-124.52,0.00,0.00,0.92,0.92,-17.98,-15.45,-17.83,-0.00,-126.20,-4.27,0.00,0.00,-1035.38,0.00,0.00,0.00,0.00,0.00,0.00,0.00,29.49 °C,29.39 °C,29.49 °C,29.49 °C,29.49 °C,29.49 °C,29.49 °C,1369.68 °C,1369.68 °C,1369.68 °C,1369.68 °C,1369.68 °C,1369.68 °C,1369.68 °C,0,0,0,0,0,0,0,0,0,0,0,0,0,0,0,0,1,
158.313,-124.90,-124.91,-63.83,0.00,-1.42,0.00,-6.08,-2.84,-641.18,-124.52,-124.52,-124.52,0.00,0.00,0.92,0.92,-17.98,-15.45,-17.98,-0.00,-126.20,-4.27,0.00,0.00,-1035.38,0.00,0.00,0.00,0.00,0.00,0.00,0.00,29.49 °C,29.49 °C,29.49 °C,29.39 °C,29.49 °C,29.39 °C,29.49 °C,1369.68 °C,1369.68 °C,1369.68 °C,1369.68 °C,1369.68 °C,1369.68 °C,1369.68 °C,0,0,0,0,0,0,0,0,0,0,0,0,0,0,0,0,1,