Time (s),P2 - LOX Tank Pressure,P3 - Fuel Tank Pressure,P1 - Chamber Pressure,Not Used,P5- DOME Reg.,Not Use,P4- High Pressure Tank,P7 - Gnd High Pressure,P6 - GHE Fill Pressure,P8 - Pneumatics Pressure,Not Used,Not Used,Not Used,Not Used,Not Used,Not Used,QD Sep Indication,Lift Off Indicator,Main Valve Open Indicator,Main Valve Closed Indicator,Load Cell 1 - Veh Gross Weight,Load Cell 2 - - Veh Gross Weight,Not Used,Not Used,,,,,,,,,TC1,TC2,TC3,TC4,TC5,TC6,TC7,TC8,TC9,TC10,TC11,TC12,TC13,TC14,Relay1,Relay2,Relay3,Relay4,Relay5,Relay6,Relay7,Relay8,Relay9,Relay10,Relay11,Relay12,Relay13,Relay14,Relay15,Relay16,Manual/Auto (1=Auto),
42.949,-1.53,2.08,-7.83,0.00,-0.98,0.00,-3.25,95.76,20.97,-1.12,0.00,0.00,0.00,0.00,0.00,0.00,5.09,5.09,1.28,4.78,1119.58,-2.48,0.00,0.00,0.00,0.00,0.00,0.00,0.00,0.00,0.00,0.00,33.00 °C,33.00 °C,33.09 °C,33.00 °C,33.09 °C,32.90 °C,33.09 °C,1369.68 °C,1369.68 °C,1369.68 °C,1369.68 °C,1369.68 °C,1369.68 °C,1369.68 °C,0,0,0,0,0,0,0,0,0,0,0,0,0,0,0,0,1,
43.949,-1.53,2.08,-7.97,0.00,-1.03,0.00,-3.25,95.76,20.97,-1.12,0.00,0.00,0.00,0.00,0.00,0.00,5.09,5.09,1.28,4.78,1119.58,-2.48,0.00,0.00,0.00,0.00,0.00,0.00,0.00,0.00,0.00,0.00,33.09 °C,33.00 °C,33.09 °C,33.00 °C,33.09 °C,33.00 °C,33.09 °C,1369.68 °C,1369.68 °C,1369.68 °C,1369.68 °C,1369.68 °C,1369.68 °C,1369.68 °C,0,0,0,0,0,0,0,0,0,0,0,0,0,0,0,0,1,
44.949,-1.53,2.08,-8.03,0.00,-1.03,0.00,-3.25,95.76,20.97,-1.12,0.00,0.00,0.00,0.00,0.00,0.00,5.09,5.09,1.29,4.78,1119.58,-2.48,0.00,0.00,0.00,0.00,0.00,0.00,0.00,0.00,0.00,0.00,33.09 °C,33.00 °C,33.09 °C,33.00 °C,33.09 °C,33.00 °C,33.09 °C,1369.68 °C,1369.68 °C,1369.68 °C,1369.68 °C,1369.68 °C,1369.68 °C,1369.68 °C,0,0,0,0,0,0,0,0,0,0,0,0,0,0,0,0,1,
45.949,-1.46,2.08,-8.93,0.00,-0.98,0.00,-3.25,95.76,20.97,-1.12,0.00,0.00,0.00,0.00,0.00,0.00,5.09,5.09,1.30,4.78,1119.58,-2.48,0.00,0.00,0.00,0.00,0.00,0.00,0.00,0.00,0.00,0.00,33.00 °C,33.00 °C,33.09 °C,33.00 °C,33.09 °C,33.00 °C,33.09 °C,1369.68 °C,1369.68 °C,1369.68 °C,1369.68 °C,1369.68 °C,1369.68 °C,1369.68 °C,0,0,0,0,0,0,0,0,0,0,0,0,0,0,0,0,1,
46.950,-1.46,2.08,-8.81,0.00,-1.03,0.00,-3.25,95.76,20.97,-1.12,0.00,0.00,0.00,0.00,0.00,0.00,5.09,5.09,1.28,4.78,1119.58,-2.48,0.00,0.00,0.00,0.00,0.00,0.00,0.00,0.00,0.00,0.00,33.00 °C,33.00 °C,33.09 °C,33.00 °C,33.09 °C,33.00 °C,33.09 °C,1369.68 °C,1369.68 °C,1369.68 °C,1369.68 °C,1369.68 °C,1369.68 °C,1369.68 °C,0,0,0,0,0,0,0,0,0,0,0,0,0,0,0,0,1,
47.950,-1.46,2.08,-8.81,0.00,-0.98,0.00,-3.25,95.76,20.97,-1.12,0.00,0.00,0.00,0.00,0.00,0.00,5.09,5.09,1.28,4.78,1119.58,-2.48,0.00,0.00,0.00,0.00,0.00,0.00,0.00,0.00,0.00,0.00,33.09 °C,33.00 °C,33.09 °C,33.00 °C,33.09 °C,32.90 °C,33.09 °C,1369.68 °C,1369.68 °C,1369.68 °C,1369.68 °C,1369.68 °C,1369.68 °C,1369.68 °C,0,0,0,0,0,0,0,0,0,0,0,0,0,0,0,0,1,
48.950,-1.46,2.08,-8.77,0.00,-1.03,0.00,-3.25,95.76,20.97,-1.12,0.00,0.00,0.00,0.00,0.00,0.00,5.09,5.09,1.29,4.79,1119.58,-2.48,0.00,0.00,0.00,0.00,0.00,0.00,0.00,0.00,0.00,0.00,33.00 °C,33.00 °C,33.00 °C,33.00 °C,33.09 °C,33.00 °C,33.09 °C,1369.68 °C,1369.68 °C,1369.68 °C,1369.68 °C,1369.68 °C,1369.68 °C,1369.68 °C,0,0,0,0,0,0,0,0,0,0,0,0,0,0,0,0,1,
49.950,-1.46,2.08,-8.77,0.00,-1.03,0.00,-3.25,95.76,20.97,-1.12,0.00,0.00,0.00,0.00,0.00,0.00,5.09,5.09,1.29,4.78,1119.58,-2.48,0.00,0.00,0.00,0.00,0.00,0.00,0.00,0.00,0.00,0.00,33.00 °C,33.00 °C,33.09 °C,33.00 °C,33.09 °C,33.00 °C,33.09 °C,1369.68 °C,1369.68 °C,1369.68 °C,1369.68 °C,1369.68 °C,1369.68 °C,1369.68 °C,0,0,0,0,0,0,0,0,0,0,0,0,0,0,0,0,1,
50.950,-1.46,2.08,-8.77,0.00,-0.98,0.00,-3.25,95.67,20.92,-1.12,0.00,0.00,0.00,0.00,0.00,0.00,5.09,5.09,1.29,4.78,1119.58,-2.48,0.00,0.00,0.00,0.00,0.00,0.00,0.00,0.00,0.00,0.00,33.00 °C,33.00 °C,33.09 °C,33.00 °C,33.09 °C,33.00 °C,33.09 °C,1369.68 °C,1369.68 °C,1369.68 °C,1369.68 °C,1369.68 °C,1369.68 °C,1369.68 °C,0,0,0,0,0,0,0,0,0,0,0,0,0,0,0,0,1,
51.950,-1.53,2.08,-8.77,0.00,-1.03,0.00,-3.25,95.76,20.92,-1.12,0.00,0.00,0.00,0.00,0.00,0.00,5.09,5.09,1.29,4.78,1119.58,-2.48,0.00,0.00,0.00,0.00,0.00,0.00,0.00,0.00,0.00,0.00,33.09 °C,33.00 °C,33.09 °C,33.00 °C,33.09 °C,33.00 °C,33.09 °C,1369.68 °C,1369.68 °C,1369.68 °C,1369.68 °C,1369.68 °C,1369.68 °C,1369.68 °C,0,0,0,0,0,0,0,0,0,0,0,0,0,0,0,0,1,
52.950,-1.46,2.08,-8.63,0.00,-1.03,0.00,-3.25,95.76,20.97,-1.12,0.00,0.00,0.00,0.00,0.00,0.00,5.09,5.09,1.28,4.78,1119.58,-2.48,0.00,0.00,0.00,0.00,0.00,0.00,0.00,0.00,0.00,0.00,33.00 °C,33.00 °C,33.09 °C,33.00 °C,33.09 °C,33.00 °C,33.09 °C,1369.68 °C,1369.68 °C,1369.68 °C,1369.68 °C,1369.68 °C,1369.68 °C,1369.68 °C,0,0,0,0,0,0,0,0,0,0,0,0,0,0,0,0,1,
53.950,-1.53,2.08,-8.63,0.00,-1.03,0.00,-3.25,95.76,20.97,-1.12,0.00,0.00,0.00,0.00,0.00,0.00,5.09,5.09,1.28,4.78,1119.58,-2.48,0.00,0.00,0.00,0.00,0.00,0.00,0.00,0.00,0.00,0.00,33.00 °C,33.00 °C,33.09 °C,33.00 °C,33.09 °C,32.90 °C,33.09 °C,1369.68 °C,1369.68 °C,1369.68 °C,1369.68 °C,1369.68 °C,1369.68 °C,1369.68 °C,0,0,0,0,0,0,0,0,0,0,0,0,0,0,0,0,1,
54.950,-1.53,2.08,-8.63,0.00,-1.03,0.00,-3.25,95.67,20.92,-1.17,0.00,0.00,0.00,0.00,0.00,0.00,5.09,5.09,1.29,4.78,1119.58,-2.48,0.00,0.00,0.00,0.00,0.00,0.00,0.00,0.00,0.00,0.00,33.09 °C,33.00 °C,33.09 °C,33.00 °C,33.09 °C,33.00 °C,33.09 °C,1369.68 °C,1369.68 °C,1369.68 °C,1369.68 °C,1369.68 °C,1369.68 °C,1369.68 °C,0,0,0,0,0,0,0,0,0,0,0,0,0,0,0,0,1,
55.950,-1.46,2.08,-8.63,0.00,-1.03,0.00,-3.25,95.76,20.92,-1.12,0.00,0.00,0.00,0.00,0.00,0.00,5.09,5.09,1.29,4.78,1119.58,-2.48,0.00,0.00,0.00,0.00,0.00,0.00,0.00,0.00,0.00,0.00,33.00 °C,33.00 °C,33.09 °C,33.00 °C,33.09 °C,33.00 °C,33.09 °C,1369.68 °C,1369.68 °C,1369.68 °C,1369.68 °C,1369.68 °C,1369.68 °C,1369.68 °C,0,0,0,0,0,0,0,0,0,0,0,0,0,0,0,0,1,
56.950,-1.53,2.08,-8.63,0.00,-1.03,0.00,-3.34,95.76,20.92,-1.12,0.00,0.00,0.00,0.00,0.00,0.00,5.09,5.09,1.29,4.78,1119.58,-2.48,0.00,0.00,0.00,0.00,0.00,0.00,0.00,0.00,0.00,0.00,33.00 °C,33.00 °C,33.09 °C,33.00 °C,33.00 °C,33.00 °C,33.09 °C,1369.68 °C,1369.68 °C,1369.68 °C,1369.68 °C,1369.68 °C,1369.68 °C,1369.68 °C,0,0,0,0,0,0,0,0,0,0,0,0,0,0,0,0,1,
57.950,-1.53,2.08,-8.63,0.00,-1.03,0.00,-3.34,95.76,20.92,-1.12,0.00,0.00,0.00,0.00,0.00,0.00,5.09,5.09,1.29,4.78,1119.58,-2.48,0.00,0.00,0.00,0.00,0.00,0.00,0.00,0.00,0.00,0.00,33.00 °C,33.00 °C,33.09 °C,33.00 °C,33.09 °C,32.90 °C,33.09 °C,1369.68 °C,1369.68 °C,1369.68 °C,1369.68 °C,1369.68 °C,1369.68 °C,1369.68 °C,0,0,0,0,0,0,0,0,0,0,0,0,0,0,0,0,1,
58.950,-1.53,2.08,-8.97,0.00,-0.98,0.00,-3.25,95.67,20.92,-1.12,0.00,0.00,0.00,0.00,0.00,0.00,5.09,5.09,1.27,4.78,1119.58,-2.48,0.00,0.00,0.00,0.00,0.00,0.00,0.00,0.00,0.00,0.00,33.09 °C,33.00 °C,33.09 °C,33.00 °C,33.09 °C,32.90 °C,33.09 °C,1369.68 °C,1369.68 °C,1369.68 °C,1369.68 °C,1369.68 °C,1369.68 °C,1369.68 °C,0,0,0,0,0,0,0,0,0,0,0,0,0,0,0,0,1,
59.950,-1.53,2.08,-8.97,0.00,-1.03,0.00,-3.25,95.76,20.92,-1.12,0.00,0.00,0.00,0.00,0.00,0.00,5.09,5.09,1.29,4.78,1119.58,-2.48,0.00,0.00,0.00,0.00,0.00,0.00,0.00,0.00,0.00,0.00,33.00 °C,33.00 °C,33.09 °C,33.00 °C,33.09 °C,33.09 °C,33.09 °C,1369.68 °C,1369.68 °C,1369.68 °C,1369.68 °C,1369.68 °C,1369.68 °C,1369.68 °C,0,0,0,0,0,0,0,0,0,0,0,0,0,0,0,0,1,
60.950,-1.46,2.08,-9.02,0.00,-1.03,0.00,-3.25,95.67,20.92,-1.12,0.00,0.00,0.00,0.00,0.00,0.00,5.09,5.09,1.29,4.78,1119.58,-2.48,0.00,0.00,0.00,0.00,0.00,0.00,0.00,0.00,0.00,0.00,33.09 °C,33.00 °C,33.09 °C,33.00 °C,33.00 °C,33.00 °C,33.09 °C,1369.68 °C,1369.68 °C,1369.68 °C,1369.68 °C,1369.68 °C,1369.68 °C,1369.68 °C,0,0,0,0,0,0,0,0,0,0,0,0,0,0,0,0,1,
61.950,-1.53,2.08,-8.77,0.00,-1.03,0.00,-3.25,95.67,20.92,-1.12,0.00,0.00,0.00,0.00,0.00,0.00,5.08,5.09,1.28,4.78,1119.58,-2.48,0.00,0.00,0.00,0.00,0.00,0.00,0.00,0.00,0.00,0.00,33.00 °C,32.90 °C,33.09 °C,33.00 °C,33.09 °C,33.00 °C,33.09 °C,1369.68 °C,1369.68 °C,1369.68 °C,1369.68 °C,1369.68 °C,1369.68 °C,1369.68 °C,0,0,0,0,0,0,0,0,0,0,0,0,0,0,0,0,1,
62.950,-1.53,2.08,-8.72,0.00,-1.03,0.00,-3.25,95.67,20.92,-1.12,0.00,0.00,0.00,0.00,0.00,0.00,5.09,5.09,1.28,4.78,1119.58,-2.48,0.00,0.00,0.00,0.00,0.00,0.00,0.00,0.00,0.00,0.00,33.09 °C,33.00 °C,33.09 °C,33.00 °C,33.09 °C,33.00 °C,33.09 °C,1369.68 °C,1369.68 °C,1369.68 °C,1369.68 °C,1369.68 °C,1369.68 °C,1369.68 °C,0,0,0,0,0,0,0,0,0,0,0,0,0,0,0,0,1,
63.950,-1.53,2.08,-8.77,0.00,-1.03,0.00,-3.25,95.67,20.92,-1.17,0.00,0.00,0.00,0.00,0.00,0.00,5.09,5.09,1.29,4.79,1119.58,-2.48,0.00,0.00,0.00,0.00,0.00,0.00,0.00,0.00,0.00,0.00,33.09 °C,33.00 °C,33.09 °C,33.00 °C,33.00 °C,33.00 °C,33.09 °C,1369.68 °C,1369.68 °C,1369.68 °C,1369.68 °C,1369.68 °C,1369.68 °C,1369.68 °C,0,0,0,0,0,0,0,0,0,0,0,0,0,0,0,0,1,
64.950,-1.46,2.08,-8.77,0.00,-1.03,0.00,-3.25,95.67,20.92,-1.12,0.00,0.00,0.00,0.00,0.00,0.00,5.09,5.09,1.29,4.78,1119.58,-2.48,0.00,0.00,0.00,0.00,0.00,0.00,0.00,0.00,0.00,0.00,33.00 °C,33.00 °C,33.09 °C,33.00 °C,33.09 °C,33.00 °C,33.09 °C,1369.68 °C,1369.68 °C,1369.68 °C,1369.68 °C,1369.68 °C,1369.68 °C,1369.68 °C,0,0,0,0,0,0,0,0,0,0,0,0,0,0,0,0,1,
65.950,-1.46,2.08,-8.67,0.00,-1.03,0.00,-3.25,95.67,20.87,-1.17,0.00,0.00,0.00,0.00,0.00,0.00,5.09,5.09,1.28,4.78,1119.58,-2.48,0.00,0.00,0.00,0.00,0.00,0.00,0.00,0.00,0.00,0.00,33.09 °C,33.00 °C,33.09 °C,33.00 °C,33.00 °C,33.00 °C,33.09 °C,1369.68 °C,1369.68 °C,1369.68 °C,1369.68 °C,1369.68 °C,1369.68 °C,1369.68 °C,0,0,0,0,0,0,0,0,0,0,0,0,0,0,0,0,1,
66.950,-1.46,2.08,-8.63,0.00,-0.98,0.00,-3.25,95.67,20.92,-1.12,0.00,0.00,0.00,0.00,0.00,0.00,5.09,5.09,1.29,4.78,1119.58,-2.48,0.00,0.00,0.00,0.00,0.00,0.00,0.00,0.00,0.00,0.00,33.09 °C,33.00 °C,33.09 °C,33.00 °C,33.09 °C,32.90 °C,33.09 °C,1369.68 °C,1369.68 °C,1369.68 °C,1369.68 °C,1369.68 °C,1369.68 °C,1369.68 °C,0,0,0,0,0,0,0,0,0,0,0,0,0,0,0,0,1,
67.950,-1.46,2.08,-8.72,0.00,-0.98,0.00,-3.25,95.67,20.92,-1.12,0.00,0.00,0.00,0.00,0.00,0.00,5.09,5.09,1.29,4.78,1119.58,-2.48,0.00,0.00,0.00,0.00,0.00,0.00,0.00,0.00,0.00,0.00,33.00 °C,33.00 °C,33.09 °C,33.00 °C,33.09 °C,32.90 °C,33.09 °C,1369.68 °C,1369.68 °C,1369.68 °C,1369.68 °C,1369.68 °C,1369.68 °C,1369.68 °C,0,0,0,0,0,0,0,0,0,0,0,0,0,0,0,0,1,
68.950,-1.46,2.08,-8.72,0.00,-1.03,0.00,-3.25,95.67,20.87,-1.12,0.00,0.00,0.00,0.00,0.00,0.00,5.09,5.09,1.28,4.78,1119.58,-2.48,0.00,0.00,0.00,0.00,0.00,0.00,0.00,0.00,0.00,0.00,33.09 °C,33.09 °C,33.00 °C,33.00 °C,33.09 °C,33.00 °C,33.09 °C,1369.68 °C,1369.68 °C,1369.68 °C,1369.68 °C,1369.68 °C,1369.68 °C,1369.68 °C,0,0,0,0,0,0,0,0,0,0,0,0,0,0,0,0,1,
69.951,-1.53,2.08,-8.63,0.00,-1.03,0.00,-3.25,95.67,20.87,-1.12,0.00,0.00,0.00,0.00,0.00,0.00,5.09,5.09,1.28,4.78,1119.58,-2.48,0.00,0.00,0.00,0.00,0.00,0.00,0.00,0.00,0.00,0.00,32.90 °C,33.00 °C,33.09 °C,33.00 °C,33.00 °C,33.00 °C,33.09 °C,1369.68 °C,1369.68 °C,1369.68 °C,1369.68 °C,1369.68 °C,1369.68 °C,1369.68 °C,0,0,0,0,0,0,0,0,0,0,0,0,0,0,0,0,1,
70.951,-1.53,2.08,-8.63,0.00,-1.03,0.00,-3.25,95.67,20.92,-1.12,0.00,0.00,0.00,0.00,0.00,0.00,5.09,5.09,1.29,4.78,1119.58,-2.48,0.00,0.00,0.00,0.00,0.00,0.00,0.00,0.00,0.00,0.00,33.09 °C,33.00 °C,33.09 °C,33.00 °C,33.09 °C,32.90 °C,33.09 °C,1369.68 °C,1369.68 °C,1369.68 °C,1369.68 °C,1369.68 °C,1369.68 °C,1369.68 °C,0,0,0,0,0,0,0,0,0,0,0,0,0,0,0,0,1,
71.951,-1.53,2.08,-8.97,0.00,-0.98,0.00,-3.25,95.67,20.87,-1.12,0.00,0.00,0.00,0.00,0.00,0.00,5.09,5.09,1.27,4.78,636.38,-2.48,0.00,0.00,0.00,0.00,0.00,0.00,0.00,0.00,0.00,0.00,33.09 °C,33.00 °C,33.09 °C,33.00 °C,33.09 °C,33.00 °C,33.09 °C,1369.68 °C,1369.68 °C,1369.68 °C,1369.68 °C,1369.68 °C,1369.68 °C,1369.68 °C,0,0,0,0,0,0,0,0,0,0,0,0,0,0,0,0,1,
72.951,-1.53,2.08,-8.93,0.00,-1.03,0.00,-3.25,95.67,20.92,-1.17,0.00,0.00,0.00,0.00,0.00,0.00,5.09,5.09,1.28,4.78,712.67,-2.48,0.00,0.00,0.00,0.00,0.00,0.00,0.00,0.00,0.00,0.00,33.09 °C,33.00 °C,33.09 °C,33.00 °C,33.00 °C,33.00 °C,33.09 °C,1369.68 °C,1369.68 °C,1369.68 °C,1369.68 °C,1369.68 °C,1369.68 °C,1369.68 °C,0,0,0,0,0,0,0,0,0,0,0,0,0,0,0,0,1,
73.951,-1.46,2.08,-8.93,0.00,-1.03,0.00,-3.25,95.67,20.87,-1.12,0.00,0.00,0.00,0.00,0.00,0.00,5.09,5.09,1.29,4.78,712.67,-2.48,0.00,0.00,0.00,0.00,0.00,0.00,0.00,0.00,0.00,0.00,33.00 °C,33.00 °C,33.09 °C,33.00 °C,33.09 °C,33.00 °C,33.09 °C,1369.68 °C,1369.68 °C,1369.68 °C,1369.68 °C,1369.68 °C,1369.68 °C,1369.68 °C,0,0,0,0,0,0,0,0,0,0,0,0,0,0,0,0,1,
74.951,-1.46,2.04,-8.88,0.00,-1.03,0.00,-3.25,95.67,20.87,-1.12,0.00,0.00,0.00,0.00,0.00,0.00,5.09,5.09,1.29,4.78,788.97,-2.48,0.00,0.00,0.00,0.00,0.00,0.00,0.00,0.00,0.00,0.00,33.00 °C,33.00 °C,33.09 °C,33.00 °C,33.09 °C,33.00 °C,33.09 °C,1369.68 °C,1369.68 °C,1369.68 °C,1369.68 °C,1369.68 °C,1369.68 °C,1369.68 °C,0,0,0,0,0,0,0,0,0,0,0,0,0,0,0,0,1,
75.951,-1.46,2.08,-8.77,0.00,-1.03,0.00,-3.25,95.67,20.87,-1.12,0.00,0.00,0.00,0.00,0.00,0.00,5.09,5.09,1.28,4.78,788.97,-2.48,0.00,0.00,0.00,0.00,0.00,0.00,0.00,0.00,0.00,0.00,33.09 °C,33.00 °C,33.09 °C,33.00 °C,33.09 °C,32.90 °C,33.09 °C,1369.68 °C,1369.68 °C,1369.68 °C,1369.68 °C,1369.68 °C,1369.68 °C,1369.68 °C,0,0,0,0,0,0,0,0,0,0,0,0,0,0,0,0,1,
76.951,-1.46,2.08,-8.77,0.00,-1.03,0.00,-3.25,95.67,20.87,-1.17,0.00,0.00,0.00,0.00,0.00,0.00,5.09,5.08,1.28,4.79,890.69,-2.48,0.00,0.00,0.00,0.00,0.00,0.00,0.00,0.00,0.00,0.00,33.00 °C,32.90 °C,33.09 °C,33.00 °C,33.09 °C,32.90 °C,33.09 °C,1369.68 °C,1369.68 °C,1369.68 °C,1369.68 °C,1369.68 °C,1369.68 °C,1369.68 °C,0,0,0,0,0,0,0,0,0,0,0,0,0,0,0,0,1,
77.951,-1.46,2.08,-8.77,0.00,-1.03,0.00,-3.25,95.67,20.87,-1.17,0.00,0.00,0.00,0.00,0.00,0.00,5.09,5.09,1.29,4.78,890.69,-2.48,0.00,0.00,0.00,0.00,0.00,0.00,0.00,0.00,0.00,0.00,33.09 °C,33.00 °C,33.09 °C,33.00 °C,33.00 °C,32.90 °C,33.09 °C,1369.68 °C,1369.68 °C,1369.68 °C,1369.68 °C,1369.68 °C,1369.68 °C,1369.68 °C,0,0,0,0,0,0,0,0,0,0,0,0,0,0,0,0,1,
78.951,-1.46,2.08,-8.77,0.00,-1.03,0.00,-3.25,95.67,20.87,-1.12,0.00,0.00,0.00,0.00,0.00,0.00,5.09,5.09,1.29,4.78,890.69,-2.48,0.00,0.00,0.00,0.00,0.00,0.00,0.00,0.00,0.00,0.00,33.00 °C,33.00 °C,33.09 °C,33.00 °C,33.00 °C,32.90 °C,33.09 °C,1369.68 °C,1369.68 °C,1369.68 °C,1369.68 °C,1369.68 °C,1369.68 °C,1369.68 °C,0,0,0,0,0,0,0,0,0,0,0,0,0,0,0,0,1,
79.951,-1.53,2.08,-8.67,0.00,-1.03,0.00,-3.25,95.67,20.87,-1.12,0.00,0.00,0.00,0.00,0.00,0.00,5.09,5.09,1.28,4.78,966.99,-2.48,0.00,0.00,0.00,0.00,0.00,0.00,0.00,0.00,0.00,0.00,33.09 °C,33.00 °C,33.09 °C,33.00 °C,33.09 °C,32.90 °C,33.09 °C,1369.68 °C,1369.68 °C,1369.68 °C,1369.68 °C,1369.68 °C,1369.68 °C,1369.68 °C,0,0,0,0,0,0,0,0,0,0,0,0,0,0,0,0,1,
80.951,-1.46,2.08,-8.67,0.00,-1.03,0.00,-3.25,95.67,20.87,-1.17,0.00,0.00,0.00,0.00,0.00,0.00,5.09,5.09,1.29,4.78,966.99,-2.48,0.00,0.00,0.00,0.00,0.00,0.00,0.00,0.00,0.00,0.00,33.00 °C,33.00 °C,33.09 °C,33.00 °C,33.09 °C,32.90 °C,33.09 °C,1369.68 °C,1369.68 °C,1369.68 °C,1369.68 °C,1369.68 °C,1369.68 °C,1369.68 °C,0,0,0,0,0,0,0,0,0,0,0,0,0,0,0,0,1,
81.951,-1.53,2.08,-8.67,0.00,-1.03,0.00,-3.25,95.67,20.87,-1.12,0.00,0.00,0.00,0.00,0.00,0.00,5.09,5.09,1.29,4.78,966.99,-2.48,0.00,0.00,0.00,0.00,0.00,0.00,0.00,0.00,0.00,0.00,33.09 °C,33.00 °C,33.09 °C,33.00 °C,33.09 °C,33.00 °C,33.09 °C,1369.68 °C,1369.68 °C,1369.68 °C,1369.68 °C,1369.68 °C,1369.68 °C,1369.68 °C,0,0,0,0,0,0,0,0,0,0,0,0,0,0,0,0,1,
82.951,-1.53,2.08,-8.72,0.00,-1.03,0.00,-3.25,95.54,20.87,-1.12,0.00,0.00,0.00,0.00,0.00,0.00,5.09,5.09,1.29,4.78,966.99,-2.48,0.00,0.00,0.00,0.00,0.00,0.00,0.00,0.00,0.00,0.00,33.00 °C,33.00 °C,33.09 °C,33.00 °C,33.09 °C,33.00 °C,33.09 °C,1369.68 °C,1369.68 °C,1369.68 °C,1369.68 °C,1369.68 °C,1369.68 °C,1369.68 °C,0,0,0,0,0,0,0,0,0,0,0,0,0,0,0,0,1,
83.951,-1.53,2.08,-8.63,0.00,-1.03,0.00,-3.34,95.54,20.87,-1.12,0.00,0.00,0.00,0.00,0.00,0.00,5.09,5.09,1.28,4.78,1043.28,-2.48,0.00,0.00,0.00,0.00,0.00,0.00,0.00,0.00,0.00,0.00,33.09 °C,33.00 °C,33.09 °C,33.00 °C,33.09 °C,33.00 °C,33.09 °C,1369.68 °C,1369.68 °C,1369.68 °C,1369.68 °C,1369.68 °C,1369.68 °C,1369.68 °C,0,0,0,0,0,0,0,0,0,0,0,0,0,0,0,0,1,
84.951,-1.46,2.08,-6.18,0.00,-1.03,0.00,-3.25,95.54,20.87,-1.12,0.00,0.00,0.00,0.00,0.00,0.00,5.09,5.09,1.32,4.78,1043.28,-2.48,0.00,0.00,0.00,0.00,0.00,0.00,0.00,0.00,0.00,0.00,33.09 °C,33.00 °C,33.09 °C,33.00 °C,33.09 °C,33.00 °C,33.09 °C,1369.68 °C,1369.68 °C,1369.68 °C,1369.68 °C,1369.68 °C,1369.68 °C,1369.68 °C,0,0,0,0,0,0,0,0,0,0,0,0,0,0,0,0,1,
85.951,-1.53,2.08,-6.68,0.00,-1.03,0.00,-3.25,95.67,20.87,-1.12,0.00,0.00,0.00,0.00,0.00,0.00,5.09,5.09,1.29,4.78,1043.28,-2.48,0.00,0.00,0.00,0.00,0.00,0.00,0.00,0.00,0.00,0.00,33.00 °C,32.90 °C,33.09 °C,33.00 °C,33.00 °C,33.00 °C,33.09 °C,1369.68 °C,1369.68 °C,1369.68 °C,1369.68 °C,1369.68 °C,1369.68 °C,1369.68 °C,0,0,0,0,0,0,0,0,0,0,0,0,0,0,0,0,1,
86.951,-1.53,2.08,-6.87,0.00,-1.03,0.00,-3.25,95.67,20.83,-1.12,0.00,0.00,0.00,0.00,0.00,0.00,5.09,5.09,1.28,4.78,1043.28,-2.48,0.00,0.00,0.00,0.00,0.00,0.00,0.00,0.00,0.00,0.00,33.09 °C,32.90 °C,33.09 °C,33.00 °C,33.09 °C,33.00 °C,33.09 °C,1369.68 °C,1369.68 °C,1369.68 °C,1369.68 °C,1369.68 °C,1369.68 °C,1369.68 °C,0,0,0,0,0,0,0,0,0,0,0,0,0,0,0,0,1,
87.951,-1.46,2.08,-7.07,0.00,-1.03,0.00,-3.25,95.54,20.87,-1.12,0.00,0.00,0.00,0.00,0.00,0.00,5.09,5.09,1.29,4.78,1043.28,-2.48,0.00,0.00,0.00,0.00,0.00,0.00,0.00,0.00,0.00,0.00,33.00 °C,33.00 °C,33.09 °C,33.00 °C,33.00 °C,32.90 °C,33.09 °C,1369.68 °C,1369.68 °C,1369.68 °C,1369.68 °C,1369.68 °C,1369.68 °C,1369.68 °C,0,0,0,0,0,0,0,0,0,0,0,0,0,0,0,0,1,
88.951,-1.46,2.08,-7.28,0.00,-0.98,0.00,-3.25,95.54,20.83,-1.12,0.00,0.00,0.00,0.00,0.00,0.00,5.09,5.09,1.29,4.78,1043.28,-2.48,0.00,0.00,0.00,0.00,0.00,0.00,0.00,0.00,0.00,0.00,33.00 °C,33.09 °C,33.09 °C,33.00 °C,33.09 °C,33.00 °C,33.09 °C,1369.68 °C,1369.68 °C,1369.68 °C,1369.68 °C,1369.68 °C,1369.68 °C,1369.68 °C,0,0,0,0,0,0,0,0,0,0,0,0,0,0,0,0,1,
89.951,-1.46,2.08,-7.46,0.00,-1.03,0.00,-3.25,95.54,20.83,-1.12,0.00,0.00,0.00,0.00,0.00,0.00,5.09,5.09,1.29,4.78,1119.58,-2.48,0.00,0.00,0.00,0.00,0.00,0.00,0.00,0.00,0.00,0.00,33.00 °C,33.00 °C,33.09 °C,33.00 °C,33.09 °C,33.00 °C,33.09 °C,1369.68 °C,1369.68 °C,1369.68 °C,1369.68 °C,1369.68 °C,1369.68 °C,1369.68 °C,0,0,0,0,0,0,0,0,0,0,0,0,0,0,0,0,1,
90.951,-1.46,2.08,-7.58,0.00,-1.03,0.00,-3.25,95.67,20.83,-1.12,0.00,0.00,0.00,0.00,0.00,0.00,5.09,5.09,1.28,4.78,1043.28,-2.48,0.00,0.00,0.00,0.00,0.00,0.00,0.00,0.00,0.00,0.00,33.00 °C,33.00 °C,33.09 °C,33.00 °C,33.00 °C,33.00 °C,33.09 °C,1369.68 °C,1369.68 °C,1369.68 °C,1369.68 °C,1369.68 °C,1369.68 °C,1369.68 °C,0,0,0,0,0,0,0,0,0,0,0,0,0,0,0,0,1,
91.951,-1.53,2.08,-7.71,0.00,-1.03,0.00,-3.25,95.54,20.83,-1.12,0.00,0.00,0.00,0.00,0.00,0.00,5.09,5.09,1.29,4.78,1119.58,-2.48,0.00,0.00,0.00,0.00,0.00,0.00,0.00,0.00,0.00,0.00,33.00 °C,33.00 °C,33.09 °C,33.00 °C,33.09 °C,33.00 °C,33.09 °C,1369.68 °C,1369.68 °C,1369.68 °C,1369.68 °C,1369.68 °C,1369.68 °C,1369.68 °C,0,0,0,0,0,0,0,0,0,0,0,0,0,0,0,0,1,
92.952,-1.46,2.08,-7.83,0.00,-1.03,0.00,-3.25,95.54,20.83,-1.12,0.00,0.00,0.00,0.00,0.00,0.00,5.09,5.09,1.29,4.79,1119.58,-2.48,0.00,0.00,0.00,0.00,0.00,0.00,0.00,0.00,0.00,0.00,33.09 °C,33.00 °C,33.09 °C,33.00 °C,33.09 °C,32.90 °C,33.09 °C,1369.68 °C,1369.68 °C,1369.68 °C,1369.68 °C,1369.68 °C,1369.68 °C,1369.68 °C,0,0,0,0,0,0,0,0,0,0,0,0,0,0,0,0,1,
93.953,-1.46,2.08,-7.92,0.00,-1.03,0.00,-3.25,95.54,20.83,-1.12,0.00,0.00,0.00,0.00,0.00,0.00,5.09,5.09,1.28,4.78,1119.58,-2.48,0.00,0.00,0.00,0.00,0.00,0.00,0.00,0.00,0.00,0.00,33.09 °C,33.00 °C,33.09 °C,33.00 °C,33.09 °C,32.90 °C,33.09 °C,1369.68 °C,1369.68 °C,1369.68 °C,1369.68 °C,1369.68 °C,1369.68 °C,1369.68 °C,0,0,0,0,0,0,0,0,0,0,0,0,0,0,0,0,1,
94.953,-1.46,2.08,-8.03,0.00,-1.03,0.00,-3.25,95.54,20.83,-1.12,0.00,0.00,0.00,0.00,0.00,0.00,5.09,5.09,1.29,4.79,1119.58,-2.48,0.00,0.00,0.00,0.00,0.00,0.00,0.00,0.00,0.00,0.00,33.09 °C,32.90 °C,33.09 °C,33.00 °C,33.09 °C,33.00 °C,33.09 °C,1369.68 °C,1369.68 °C,1369.68 °C,1369.68 °C,1369.68 °C,1369.68 °C,1369.68 °C,0,0,0,0,0,0,0,0,0,0,0,0,0,0,0,0,1,
95.953,-1.53,2.08,-8.08,0.00,-0.98,0.00,-3.25,95.54,20.78,-1.12,0.00,0.00,0.00,0.00,0.00,0.00,5.09,5.09,1.29,4.78,1119.58,-2.48,0.00,0.00,0.00,0.00,0.00,0.00,0.00,0.00,0.00,0.00,33.09 °C,32.90 °C,33.09 °C,33.00 °C,33.00 °C,33.09 °C,33.09 °C,1369.68 °C,1369.68 °C,1369.68 °C,1369.68 °C,1369.68 °C,1369.68 °C,1369.68 °C,0,0,0,0,0,0,0,0,0,0,0,0,0,0,0,0,1,
96.953,-1.46,2.08,-8.17,0.00,-1.03,0.00,-3.25,95.54,20.83,-1.12,0.00,0.00,0.00,0.00,0.00,0.00,5.09,5.09,1.29,4.78,1119.58,-2.48,0.00,0.00,0.00,0.00,0.00,0.00,0.00,0.00,0.00,0.00,33.09 °C,33.09 °C,33.09 °C,33.00 °C,33.09 °C,33.00 °C,33.09 °C,1369.68 °C,1369.68 °C,1369.68 °C,1369.68 °C,1369.68 °C,1369.68 °C,1369.68 °C,0,0,0,0,0,0,0,0,0,0,0,0,0,0,0,0,1,
97.953,-1.53,2.08,-8.58,0.00,-1.03,0.00,-3.25,95.54,20.83,-1.12,0.00,0.00,0.00,0.00,0.00,0.00,5.09,5.09,1.30,4.78,1119.58,-2.48,0.00,0.00,0.00,0.00,0.00,0.00,0.00,0.00,0.00,0.00,33.09 °C,33.00 °C,33.09 °C,33.00 °C,33.09 °C,32.90 °C,33.09 °C,1369.68 °C,1369.68 °C,1369.68 °C,1369.68 °C,1369.68 °C,1369.68 °C,1369.68 °C,0,0,0,0,0,0,0,0,0,0,0,0,0,0,0,0,1,
98.954,-1.46,2.08,-8.58,0.00,-1.03,0.00,-3.25,95.54,20.78,-1.12,0.00,0.00,0.00,0.00,0.00,0.00,5.09,5.09,1.29,4.78,1119.58,-2.48,0.00,0.00,0.00,0.00,0.00,0.00,0.00,0.00,0.00,0.00,33.00 °C,33.00 °C,33.09 °C,33.00 °C,33.09 °C,32.90 °C,33.09 °C,1369.68 °C,1369.68 °C,1369.68 °C,1369.68 °C,1369.68 °C,1369.68 °C,1369.68 °C,0,0,0,0,0,0,0,0,0,0,0,0,0,0,0,0,1,
99.955,-1.53,2.08,-8.58,0.00,-1.03,0.00,-3.25,95.54,20.83,-1.12,0.00,0.00,0.00,0.00,0.00,0.00,5.09,5.09,1.29,4.78,1119.58,-2.48,0.00,0.00,0.00,0.00,0.00,0.00,0.00,0.00,0.00,0.00,33.00 °C,33.00 °C,33.09 °C,33.00 °C,33.09 °C,33.00 °C,33.09 °C,1369.68 °C,1369.68 °C,1369.68 °C,1369.68 °C,1369.68 °C,1369.68 °C,1369.68 °C,0,0,0,0,0,0,0,0,0,0,0,0,0,0,0,0,1,
100.955,-1.46,2.08,-8.58,0.00,-1.03,0.00,-3.25,95.44,20.83,-1.12,0.00,0.00,0.00,0.00,0.00,0.00,5.09,5.09,1.29,4.78,1119.58,-2.48,0.00,0.00,0.00,0.00,0.00,0.00,0.00,0.00,0.00,0.00,33.09 °C,33.00 °C,33.09 °C,33.00 °C,33.09 °C,32.90 °C,33.09 °C,1369.68 °C,1369.68 °C,1369.68 °C,1369.68 °C,1369.68 °C,1369.68 °C,1369.68 °C,0,0,0,0,0,0,0,0,0,0,0,0,0,0,0,0,1,
101.955,-1.53,2.08,-8.51,0.00,-0.98,0.00,-3.25,95.44,20.83,-1.12,0.00,0.00,0.00,0.00,0.00,0.00,5.09,5.09,1.29,4.78,1119.58,-2.48,0.00,0.00,0.00,0.00,0.00,0.00,0.00,0.00,0.00,0.00,33.09 °C,33.00 °C,33.09 °C,33.00 °C,33.09 °C,33.00 °C,33.09 °C,1369.68 °C,1369.68 °C,1369.68 °C,1369.68 °C,1369.68 °C,1369.68 °C,1369.68 °C,0,0,0,0,0,0,0,0,0,0,0,0,0,0,0,0,1,
102.955,-1.46,2.08,-8.58,0.00,-1.03,0.00,-3.34,95.54,20.83,-1.12,0.00,0.00,0.00,0.00,0.00,0.00,5.09,5.09,1.29,4.78,1119.58,-2.48,0.00,0.00,0.00,0.00,0.00,0.00,0.00,0.00,0.00,0.00,33.09 °C,33.00 °C,33.09 °C,33.00 °C,33.09 °C,33.00 °C,33.09 °C,1369.68 °C,1369.68 °C,1369.68 °C,1369.68 °C,1369.68 °C,1369.68 °C,1369.68 °C,0,0,0,0,0,0,0,0,0,0,0,0,0,0,0,0,1,
103.955,-1.46,2.08,-8.47,0.00,-1.03,0.00,-3.25,95.54,20.78,-1.12,0.00,0.00,0.00,0.00,0.00,0.00,5.09,5.09,1.29,4.78,1119.58,-2.48,0.00,0.00,0.00,0.00,0.00,0.00,0.00,0.00,0.00,0.00,33.00 °C,33.00 °C,33.09 °C,33.00 °C,33.09 °C,33.00 °C,33.09 °C,1369.68 °C,1369.68 °C,1369.68 °C,1369.68 °C,1369.68 °C,1369.68 °C,1369.68 °C,0,0,0,0,0,0,0,0,0,0,0,0,0,0,0,0,1,
104.956,-1.46,2.08,-8.47,0.00,-1.03,0.00,-3.25,95.44,20.83,-1.12,0.00,0.00,0.00,0.00,0.00,0.00,5.09,5.09,1.29,4.78,1119.58,-2.48,0.00,0.00,0.00,0.00,0.00,0.00,0.00,0.00,0.00,0.00,33.00 °C,33.00 °C,33.09 °C,32.90 °C,33.09 °C,33.00 °C,33.09 °C,1369.68 °C,1369.68 °C,1369.68 °C,1369.68 °C,1369.68 °C,1369.68 °C,1369.68 °C,0,0,0,0,0,0,0,0,0,0,0,0,0,0,0,0,1,
105.956,-1.53,2.08,-8.47,0.00,-1.03,0.00,-3.25,95.54,20.78,-1.12,0.00,0.00,0.00,0.00,0.00,0.00,5.09,5.09,1.28,4.78,1119.58,-2.48,0.00,0.00,0.00,0.00,0.00,0.00,0.00,0.00,0.00,0.00,33.00 °C,32.90 °C,33.09 °C,33.00 °C,33.09 °C,32.90 °C,33.09 °C,1369.68 °C,1369.68 °C,1369.68 °C,1369.68 °C,1369.68 °C,1369.68 °C,1369.68 °C,0,0,0,0,0,0,0,0,0,0,0,0,0,0,0,0,1,
106.956,-1.46,2.08,-8.47,0.00,-1.03,0.00,-3.25,95.44,20.78,-1.17,0.00,0.00,0.00,0.00,0.00,0.00,5.09,5.09,1.28,4.78,1119.58,-2.48,0.00,0.00,0.00,0.00,0.00,0.00,0.00,0.00,0.00,0.00,33.00 °C,33.00 °C,33.09 °C,32.90 °C,33.00 °C,33.00 °C,33.09 °C,1369.68 °C,1369.68 °C,1369.68 °C,1369.68 °C,1369.68 °C,1369.68 °C,1369.68 °C,0,0,0,0,0,0,0,0,0,0,0,0,0,0,0,0,1,
107.956,-1.46,2.08,-8.47,0.00,-1.03,0.00,-3.25,95.54,20.78,-1.12,0.00,0.00,0.00,0.00,0.00,0.00,5.09,5.09,1.28,4.78,1119.58,-2.48,0.00,0.00,0.00,0.00,0.00,0.00,0.00,0.00,0.00,0.00,33.09 °C,33.00 °C,33.09 °C,33.00 °C,33.00 °C,32.90 °C,33.09 °C,1369.68 °C,1369.68 °C,1369.68 °C,1369.68 °C,1369.68 °C,1369.68 °C,1369.68 °C,0,0,0,0,0,0,0,0,0,0,0,0,0,0,0,0,1,
108.956,-1.53,2.08,-8.51,0.00,-1.03,0.00,-3.34,95.54,20.78,-1.12,0.00,0.00,0.00,0.00,0.00,0.00,5.09,5.09,1.29,4.78,1119.58,-2.48,0.00,0.00,0.00,0.00,0.00,0.00,0.00,0.00,0.00,0.00,33.09 °C,33.00 °C,33.09 °C,33.00 °C,33.09 °C,33.00 °C,33.09 °C,1369.68 °C,1369.68 °C,1369.68 °C,1369.68 °C,1369.68 °C,1369.68 °C,1369.68 °C,0,0,0,0,0,0,0,0,0,0,0,0,0,0,0,0,1,
109.956,-1.46,2.08,-8.47,0.00,-1.03,0.00,-3.25,95.44,20.78,-1.12,0.00,0.00,0.00,0.00,0.00,0.00,5.09,5.09,1.29,4.78,1119.58,-2.48,0.00,0.00,0.00,0.00,0.00,0.00,0.00,0.00,0.00,0.00,33.09 °C,33.00 °C,33.09 °C,33.00 °C,33.09 °C,33.00 °C,33.09 °C,1369.68 °C,1369.68 °C,1369.68 °C,1369.68 °C,1369.68 °C,1369.68 °C,1369.68 °C,0,0,0,0,0,0,0,0,0,0,0,0,0,0,0,0,1,
110.956,-1.53,2.08,-8.93,0.00,-1.03,0.00,-3.25,95.44,20.78,-1.12,0.00,0.00,0.00,0.00,0.00,0.00,5.09,5.09,1.27,4.78,1119.58,-2.48,0.00,0.00,0.00,0.00,0.00,0.00,0.00,0.00,0.00,0.00,33.00 °C,33.00 °C,33.09 °C,33.00 °C,33.09 °C,33.00 °C,33.09 °C,1369.68 °C,1369.68 °C,1369.68 °C,1369.68 °C,1369.68 °C,1369.68 °C,1369.68 °C,0,0,0,0,0,0,0,0,0,0,0,0,0,0,0,0,1,
111.956,-1.46,2.08,-8.88,0.00,-1.03,0.00,-3.25,95.44,20.78,-1.12,0.00,0.00,0.00,0.00,0.00,0.00,5.09,5.09,1.28,4.78,1119.58,-2.48,0.00,0.00,0.00,0.00,0.00,0.00,0.00,0.00,0.00,0.00,33.09 °C,32.90 °C,33.09 °C,33.00 °C,33.09 °C,32.90 °C,33.09 °C,1369.68 °C,1369.68 °C,1369.68 °C,1369.68 °C,1369.68 °C,1369.68 °C,1369.68 °C,0,0,0,0,0,0,0,0,0,0,0,0,0,0,0,0,1,
112.956,-1.53,2.08,-8.88,0.00,-1.03,0.00,-3.25,95.44,20.78,-1.12,0.00,0.00,0.00,0.00,0.00,0.00,5.09,5.09,1.29,4.78,1119.58,-2.48,0.00,0.00,0.00,0.00,0.00,0.00,0.00,0.00,0.00,0.00,33.09 °C,33.00 °C,33.09 °C,33.00 °C,33.09 °C,33.00 °C,33.09 °C,1369.68 °C,1369.68 °C,1369.68 °C,1369.68 °C,1369.68 °C,1369.68 °C,1369.68 °C,0,0,0,0,0,0,0,0,0,0,0,0,0,0,0,0,1,
113.957,-1.46,2.08,-8.81,0.00,-1.03,0.00,-3.34,95.44,20.78,-1.12,0.00,0.00,0.00,0.00,0.00,0.00,5.09,5.09,1.29,4.78,1119.58,-2.48,0.00,0.00,0.00,0.00,0.00,0.00,0.00,0.00,0.00,0.00,33.09 °C,33.00 °C,33.09 °C,33.00 °C,33.09 °C,32.90 °C,33.09 °C,1369.68 °C,1369.68 °C,1369.68 °C,1369.68 °C,1369.68 °C,1369.68 °C,1369.68 °C,0,0,0,0,0,0,0,0,0,0,0,0,0,0,0,0,1,
114.957,-1.46,2.08,-8.72,0.00,-1.03,0.00,-3.25,95.44,20.78,-1.12,0.00,0.00,0.00,0.00,0.00,0.00,5.09,5.09,1.28,4.78,1119.58,-2.48,0.00,0.00,0.00,0.00,0.00,0.00,0.00,0.00,0.00,0.00,33.00 °C,32.90 °C,33.09 °C,33.00 °C,33.09 °C,32.90 °C,33.09 °C,1369.68 °C,1369.68 °C,1369.68 °C,1369.68 °C,1369.68 °C,1369.68 °C,1369.68 °C,0,0,0,0,0,0,0,0,0,0,0,0,0,0,0,0,1,
115.957,-1.46,2.08,-8.72,0.00,-1.03,0.00,-3.25,95.44,20.78,-1.12,0.00,0.00,0.00,0.00,0.00,0.00,5.09,5.09,1.28,4.78,1119.58,-2.48,0.00,0.00,0.00,0.00,0.00,0.00,0.00,0.00,0.00,0.00,33.00 °C,33.00 °C,33.09 °C,33.00 °C,33.09 °C,33.00 °C,33.09 °C,1369.68 °C,1369.68 °C,1369.68 °C,1369.68 °C,1369.68 °C,1369.68 °C,1369.68 °C,0,0,0,0,0,0,0,0,0,0,0,0,0,0,0,0,1,
116.957,-1.53,2.08,-8.72,0.00,-1.03,0.00,-3.25,95.44,20.78,-1.12,0.00,0.00,0.00,0.00,0.00,0.00,5.09,5.09,1.29,4.78,1119.58,-2.48,0.00,0.00,0.00,0.00,0.00,0.00,0.00,0.00,0.00,0.00,33.09 °C,33.00 °C,33.09 °C,33.00 °C,33.09 °C,32.90 °C,33.09 °C,1369.68 °C,1369.68 °C,1369.68 °C,1369.68 °C,1369.68 °C,1369.68 °C,1369.68 °C,0,0,0,0,0,0,0,0,0,0,0,0,0,0,0,0,1,
117.958,-1.53,2.08,-8.72,0.00,-1.03,0.00,-3.25,95.44,20.78,-1.12,0.00,0.00,0.00,0.00,0.00,0.00,5.09,5.09,1.29,4.78,1119.58,-2.48,0.00,0.00,0.00,0.00,0.00,0.00,0.00,0.00,0.00,0.00,33.00 °C,33.00 °C,33.09 °C,33.00 °C,33.09 °C,33.00 °C,33.09 °C,1369.68 °C,1369.68 °C,1369.68 °C,1369.68 °C,1369.68 °C,1369.68 °C,1369.68 °C,0,0,0,0,0,0,0,0,0,0,0,0,0,0,0,0,1,
118.958,-1.53,2.08,-8.58,0.00,-1.03,0.00,-3.25,95.35,20.74,-1.12,0.00,0.00,0.00,0.00,0.00,0.00,5.09,5.09,1.28,4.78,1119.58,-2.48,0.00,0.00,0.00,0.00,0.00,0.00,0.00,0.00,0.00,0.00,33.09 °C,33.00 °C,33.09 °C,33.00 °C,33.09 °C,33.00 °C,33.09 °C,1369.68 °C,1369.68 °C,1369.68 °C,1369.68 °C,1369.68 °C,1369.68 °C,1369.68 °C,0,0,0,0,0,0,0,0,0,0,0,0,0,0,0,0,1,
119.959,-1.46,2.08,-8.58,0.00,-1.03,0.00,-3.25,95.44,20.74,-1.12,0.00,0.00,0.00,0.00,0.00,0.00,5.09,5.08,1.28,4.78,1119.58,-2.48,0.00,0.00,0.00,0.00,0.00,0.00,0.00,0.00,0.00,0.00,33.00 °C,32.90 °C,33.09 °C,33.00 °C,33.09 °C,33.00 °C,33.09 °C,1369.68 °C,1369.68 °C,1369.68 °C,1369.68 °C,1369.68 °C,1369.68 °C,1369.68 °C,0,0,0,0,0,0,0,0,0,0,0,0,0,0,0,0,1,
120.959,-1.53,2.08,-8.58,0.00,-1.03,0.00,-3.25,95.44,20.74,-1.12,0.00,0.00,0.00,0.00,0.00,0.00,5.09,5.09,1.29,4.78,1119.58,-2.48,0.00,0.00,0.00,0.00,0.00,0.00,0.00,0.00,0.00,0.00,33.09 °C,33.00 °C,33.09 °C,33.00 °C,33.09 °C,33.09 °C,33.09 °C,1369.68 °C,1369.68 °C,1369.68 °C,1369.68 °C,1369.68 °C,1369.68 °C,1369.68 °C,0,0,0,0,0,0,0,0,0,0,0,0,0,0,0,0,1,
121.959,-1.53,2.08,-8.58,0.00,-1.03,0.00,-3.25,95.44,20.74,-1.12,0.00,0.00,0.00,0.00,0.00,0.00,5.09,5.09,1.29,4.78,1119.58,-2.48,0.00,0.00,0.00,0.00,0.00,0.00,0.00,0.00,0.00,0.00,33.09 °C,33.00 °C,33.09 °C,32.90 °C,33.00 °C,33.00 °C,33.09 °C,1369.68 °C,1369.68 °C,1369.68 °C,1369.68 °C,1369.68 °C,1369.68 °C,1369.68 °C,0,0,0,0,0,0,0,0,0,0,0,0,0,0,0,0,1,
122.959,-1.53,2.08,-8.51,0.00,-1.03,0.00,-3.25,95.44,20.74,-1.12,0.00,0.00,0.00,0.00,0.00,0.00,5.09,5.09,1.29,4.78,1119.58,-2.48,0.00,0.00,0.00,0.00,0.00,0.00,0.00,0.00,0.00,0.00,33.00 °C,33.00 °C,33.09 °C,33.00 °C,33.09 °C,33.00 °C,33.09 °C,1369.68 °C,1369.68 °C,1369.68 °C,1369.68 °C,1369.68 °C,1369.68 °C,1369.68 °C,0,0,0,0,0,0,0,0,0,0,0,0,0,0,0,0,1,
123.959,-1.53,2.08,-8.51,0.00,-1.03,0.00,-3.25,95.35,20.74,-1.12,0.00,0.00,0.00,0.00,0.00,0.00,5.09,5.09,1.29,4.78,636.38,-2.48,0.00,0.00,0.00,0.00,0.00,0.00,0.00,0.00,0.00,0.00,33.00 °C,33.00 °C,33.09 °C,33.00 °C,33.09 °C,32.90 °C,33.09 °C,1369.68 °C,1369.68 °C,1369.68 °C,1369.68 °C,1369.68 °C,1369.68 °C,1369.68 °C,0,0,0,0,0,0,0,0,0,0,0,0,0,0,0,0,1,
124.959,-1.53,2.08,-9.02,0.00,-1.03,0.00,-3.25,95.35,20.74,-1.12,0.00,0.00,0.00,0.00,0.00,0.00,5.09,5.09,1.29,4.78,636.38,-2.48,0.00,0.00,0.00,0.00,0.00,0.00,0.00,0.00,0.00,0.00,33.00 °C,33.00 °C,33.09 °C,33.00 °C,33.09 °C,33.00 °C,33.09 °C,1369.68 °C,1369.68 °C,1369.68 °C,1369.68 °C,1369.68 °C,1369.68 °C,1369.68 °C,0,0,0,0,0,0,0,0,0,0,0,0,0,0,0,0,1,
125.959,-1.53,2.04,-8.97,0.00,-1.03,0.00,-3.25,95.44,20.74,-1.12,0.00,0.00,0.00,0.00,0.00,0.00,5.09,5.09,1.29,4.78,788.97,-2.48,0.00,0.00,0.00,0.00,0.00,0.00,0.00,0.00,0.00,0.00,33.09 °C,33.00 °C,33.09 °C,33.00 °C,33.09 °C,32.90 °C,33.09 °C,1369.68 °C,1369.68 °C,1369.68 °C,1369.68 °C,1369.68 °C,1369.68 °C,1369.68 °C,0,0,0,0,0,0,0,0,0,0,0,0,0,0,0,0,1,